Date,Close,High,Low,Open,Volume
2021-01-01,2195.603515625,2210.73097678233,2190.499661686984,2202.8222819853145,830096
2021-01-04,2231.422607421875,2234.64122647235,2207.696742090053,2211.6510903975313,1614486
2021-01-05,2253.539306640625,2259.4246920450973,2211.6512311439965,2211.6512311439965,2356303
2021-01-06,2222.962646484375,2253.0337044948114,2208.5248835663515,2249.171405904008,1641627
2021-01-07,2178.4072265625,2237.1238935440924,2174.866656154248,2236.48021470069,2403881
2021-01-08,2198.96044921875,2207.053021868209,2171.0045340803035,2197.8569676104244,2797948
2021-01-11,2233.813720703125,2245.6305161986766,2208.984373194071,2230.0432484983808,2787672
2021-01-12,2184.890625,2237.4922393875277,2181.3042533431517,2234.457496324699,2036708
2021-01-13,2181.625732421875,2205.213518660726,2174.4987913169457,2190.407783463345,1702740
2021-01-14,2205.7197265625,2212.5707423542117,2162.1302929404587,2175.786523861207,2120413
2021-01-15,2162.130126953125,2213.4901778862777,2154.451556640028,2200.15589970624,2042957
2021-01-18,2145.071533203125,2183.602907634549,2134.0820696397745,2183.602907634549,1733797
2021-01-19,2173.16552734375,2190.5922302155027,2136.473359728051,2153.715961899535,1495269
2021-01-20,2166.544189453125,2183.0970858297046,2157.67008758978,2167.509819977697,1380562
2021-01-21,2177.3037109375,2206.960986114977,2161.0727648703937,2184.982506098747,1521133
2021-01-22,2215.651611328125,2227.2845311509177,2167.5101733784945,2169.3493843868764,2548089
2021-01-25,2206.685546875,2236.8026283548447,2193.2592161657794,2225.4454101137053,2124424
2021-01-27,2199.052490234375,2230.0431480489833,2147.278660080155,2230.0431480489833,2460297
2021-01-28,2115.46044921875,2217.674737514016,2105.8966416122876,2177.533821842693,3867335
2021-01-29,2081.89501953125,2135.600121059743,2070.0321971449384,2128.979005669404,4472694
2021-02-01,2067.824951171875,2101.2985004993343,2047.225653920854,2093.619705013951,2717591
2021-02-02,2051.1337890625,2092.1022539266146,2027.7298768827188,2088.469857553173,4215607
2021-02-03,2053.34130859375,2075.54969245838,2039.3173241852473,2052.099751316294,2353429
2021-02-04,2065.06640625,2077.389031371895,2047.2259230655604,2058.9969195403596,2908003
2021-02-05,2087.090576171875,2101.29843535074,2060.8357958954084,2065.0660707345937,4036942
2021-02-08,2056.835205078125,2104.700708187726,2050.99584584522,2104.057029348834,2780672
2021-02-09,2038.0755615234375,2073.4343458777153,2032.787830230145,2066.353428874524,3131481
2021-02-10,2055.778076171875,2060.835906374937,2034.8570512410272,2041.5241910541545,2055520
2021-02-11,2081.067138671875,2085.6651659336335,2054.4446057289033,2061.7554241724893,1824480
2021-02-12,2061.341552734375,2089.5733939330967,2052.5592761618095,2085.6650709386126,1222094
2021-02-15,2037.110107421875,2079.91778937338,2035.0870201760981,2070.032030011928,2449407
2021-02-16,2019.54541015625,2049.846361704429,2013.981752855246,2047.9611258238538,2396356
2021-02-17,1989.9342041015625,2024.5574850571852,1986.3478325424724,2019.4536297515135,2447956
2021-02-18,1974.2550048828125,1994.2103977877746,1970.898310359427,1990.0261481835782,3205806
2021-02-19,2005.751708984375,2017.6145305025216,1977.1518872289978,1979.8186534577071,3364030
2021-02-22,1993.337158203125,2027.7303173174716,1987.8195246866148,2027.7303173174716,2678023
2021-02-23,2004.050048828125,2016.0969692583926,1995.7275751349273,2009.3377798276715,2062144
2021-02-24,2003.68212890625,2012.556230384209,1982.255280180045,2012.556230384209,924143
2021-02-25,1989.382568359375,2009.3379622581376,1986.3478253901956,2001.9811184603961,2099460
2021-02-26,1960.644775390625,2006.9467734564555,1949.5634852065361,1984.5084910734458,3413194
2021-03-01,1971.0821533203125,1980.8300605077861,1956.9203197588527,1963.5414338328724,1229276
2021-03-02,2002.8544921875,2008.3260992951261,1968.4613407855363,1988.1868312811634,2095135
2021-03-03,2017.154541015625,2027.7300036195363,1998.7624321392573,2027.7300036195363,2031893
2021-03-04,2020.2811279296875,2026.3506137188167,1999.2222528816465,2009.3379128548286,2290915
2021-03-05,2024.1436767578125,2032.2820504069527,2000.3717857065217,2008.9701866007467,2129837
2021-03-08,1999.7283935546875,2037.9380509686257,1994.6245375946016,2032.3283670281558,1440724
2021-03-09,2021.752685546875,2027.730121278535,1988.2331100773317,2001.0615618603592,1711842
2021-03-10,2048.7431640625,2057.065414068962,2016.8786993849574,2032.7879191353597,2696085
2021-03-12,2027.500244140625,2059.82428794762,2023.1321179768115,2056.2379162709776,2038930
2021-03-15,2033.1094970703125,2039.178757431345,2007.7743257818606,2028.741371831373,1632022
2021-03-16,2063.640380859375,2066.812974337846,2036.2821223559042,2042.7653848198347,2633605
2021-03-17,2047.3175048828125,2080.147372086074,2040.834242043333,2072.79052903714,3703365
2021-03-18,2037.110107421875,2069.0203741325063,2027.730176000134,2058.0771582259863,2597091
2021-03-19,2126.174072265625,2138.31282071142,2015.3155775030973,2026.902697322719,5382214
2021-03-22,2164.015380859375,2167.050123579854,2116.931629315011,2124.3805228550004,2471516
2021-03-23,2149.393798828125,2182.1776423337556,2145.807202972689,2173.027613282846,1970612
2021-03-24,2132.197021484375,2161.9000942215976,2129.392180307458,2149.3935963619833,1762743
2021-03-25,2057.203369140625,2135.32380540474,2051.6857365685196,2132.1972367524313,2495833
2021-03-26,2131.552978515625,2138.082265777611,2068.0083886792427,2073.7098964853817,1929236
2021-03-30,2205.90380859375,2212.5709488177436,2138.0828994186427,2138.0828994186427,3327203
2021-03-31,2236.020751953125,2242.550040746162,2190.1783284095245,2194.1787021016476,2709756
2021-04-01,2206.2255859375,2250.09072221346,2199.7423224330246,2250.09072221346,1532653
2021-04-05,2182.407470703125,2222.870107938357,2157.85405164708,2207.052940103555,2545447
2021-04-06,2214.685791015625,2217.1686807617334,2186.224048000533,2190.776049953906,3683538
2021-04-07,2211.88134765625,2239.2396139873067,2195.4204973833016,2222.6867133500286,1713970
2021-04-08,2216.156982421875,2242.917589593707,2203.006804700945,2212.5706111367194,1814515
2021-04-09,2276.94287109375,2283.3801086129974,2229.1233923793416,2229.1233923793416,2604858
2021-04-12,2264.068359375,2288.2079996810903,2241.630078762358,2245.216449802625,2261945
2021-04-13,2257.07958984375,2304.4392718442073,2251.9299338874557,2271.42552507047,1811781
2021-04-15,2262.826904296875,2296.25464989857,2226.456690874267,2296.25464989857,3352379
2021-04-16,2261.217529296875,2279.6556616625726,2243.8370778027124,2271.3331882541825,1225517
2021-04-19,2240.75634765625,2261.953296457031,2219.9734008847304,2243.8371154683555,1746316
2021-04-20,2204.7080078125,2258.5509509972294,2192.155483415311,2258.5509509972294,1589508
2021-04-22,2160.521240234375,2197.8573162486846,2144.520193092859,2197.8573162486846,1721265
2021-04-23,2122.219482421875,2161.07281277929,2115.0925401669647,2151.876758256825,1949756
2021-04-26,2170.86669921875,2179.2812245052746,2125.208374572432,2137.163246432857,1946867
2021-04-27,2188.522705078125,2194.591965189659,2163.785188455141,2173.0272663780975,1668456
2021-04-28,2213.076171875,2248.434950633692,2176.062058679496,2188.660606342817,1951215
2021-04-29,2214.041748046875,2252.0672914285765,2192.4768247557226,2237.3996322071725,3151150
2021-04-30,2164.521240234375,2246.503972974839,2142.910513035009,2216.2490447009427,4010778
2021-05-03,2214.409912109375,2220.847150225972,2151.876741833861,2154.6355581695457,1692239
2021-05-04,2214.088134765625,2223.7900178794494,2181.4881640675335,2215.5135682205964,1453111
2021-05-05,2202.133056640625,2238.3196201737965,2178.2233154226633,2238.3196201737965,1256857
2021-05-06,2197.85693359375,2222.272502172891,2185.948088416844,2207.052987709205,1377740
2021-05-07,2217.35205078125,2229.123042442621,2204.431552600467,2215.145088069177,1169518
2021-05-10,2237.307861328125,2250.22836194754,2221.7666200576045,2228.2038577812814,988495
2021-05-11,2208.984619140625,2230.9631023552997,2201.7656256447553,2230.0434967896135,1019077
2021-05-12,2141.715087890625,2196.937440581824,2138.128716407328,2196.937440581824,2053932
2021-05-14,2185.76416015625,2190.8677904582896,2139.0021362881585,2141.6689021128827,1388970
2021-05-17,2185.212646484375,2202.455250217813,2176.246492542987,2193.2591948933127,811243
2021-05-18,2183.373046875,2214.731679756315,2176.659882780149,2208.9841462013105,1153722
2021-05-19,2170.038818359375,2188.660827500927,2155.5550334715012,2170.2687197068017,1323590
2021-05-20,2155.69287109375,2172.107917003328,2151.8765985553714,2170.268706235332,856235
2021-05-21,2172.337890625,2175.924261936701,2151.8766701502805,2151.8766701502805,771492
2021-05-24,2148.703857421875,2170.2225321254314,2138.3122723932447,2165.670530689643,1194864
2021-05-25,2155.60107421875,2179.2809131747836,2150.0374166682204,2165.6707084061845,1098457
2021-05-26,2164.750732421875,2179.6482923898084,2156.7041865813094,2166.360041589988,811095
2021-05-27,2139.3701171875,2163.8317129702023,2136.151497979937,2163.8317129702023,3755182
2021-05-28,2135.04736328125,2161.0722355308794,2132.8864257535133,2145.7608986460377,1215325
2021-05-31,2151.92236328125,2156.4743644785076,2133.622083646742,2138.082259024533,1178704
2021-06-01,2168.705810546875,2173.0279117234395,2143.2327817487962,2158.3142229432556,1141451
2021-06-02,2169.165283203125,2182.821288816127,2161.072710702991,2166.59034315585,1113091
2021-06-03,2173.257568359375,2180.4305357345133,2156.4747689845485,2178.545299669252,868532
2021-06-04,2153.76171875,2179.464642948839,2146.312825734713,2179.464642948839,1283795
2021-06-07,2151.233154296875,2164.751310013293,2143.6003838746756,2164.751310013293,1128300
2021-06-08,2169.34912109375,2172.1079372714867,2147.416442675528,2151.2329397625517,1106664
2021-06-09,2166.59033203125,2181.2579933238453,2157.0265256339503,2172.1079644557776,1072858
2021-06-10,2187.55712890625,2207.006691163714,2165.900379224647,2173.9469255862714,1944339
2021-06-11,2176.246337890625,2196.523683342776,2170.268902354479,2189.5806171635654,1128097
2021-06-14,2190.2333984375,2199.959123606161,2164.2981313210703,2184.4904083802244,1761632
2021-06-15,2215.56591796875,2218.3910541002247,2185.97197815304,2185.97197815304,1215463
2021-06-16,2230.33984375,2240.4825647487182,2207.87805405588,2209.128594658817,2153668
2021-06-17,2239.417236328125,2247.0125179437964,2210.425272784576,2221.169971944579,1555777
2021-06-18,2299.809326171875,2312.591750854638,2227.653810861362,2241.5477015735955,3937751
2021-06-21,2328.9404296875,2342.5100395406134,2285.081956325304,2291.519413974349,2506277
2021-06-22,2306.6171875,2347.0946730801456,2298.6512671835317,2332.4135990761306,1945883
2021-06-23,2297.5859375,2328.615620590607,2276.93031218532,2311.0166958526506,1035668
2021-06-24,2306.524169921875,2320.0940023754565,2291.657891229415,2306.385321502082,759681
2021-06-25,2268.084716796875,2306.339270647295,2264.703960848163,2304.533110261853,1112942
2021-06-28,2278.783203125,2283.2292932236933,2257.571954507064,2269.4281193910674,694906
2021-06-29,2308.74755859375,2313.3324966930263,2264.703885651431,2273.9664782307827,1354397
2021-06-30,2289.064697265625,2320.2795910474197,2281.376699700517,2308.747707768522,1447245
2021-07-01,2295.270751953125,2300.8283082532535,2281.3768612028034,2300.8283082532535,735043
2021-07-02,2303.884765625,2308.8864753107655,2271.1877676254007,2295.270509043941,860231
2021-07-05,2314.76806640625,2328.0597500566646,2301.8004377887746,2314.7217082194024,761700
2021-07-06,2290.176025390625,2313.749278382006,2286.9341179734897,2306.385562476302,461782
2021-07-07,2298.651123046875,2307.126530666817,2265.491223589638,2276.7451827564787,623145
2021-07-08,2267.066162109375,2287.6290748581196,2258.6371114028316,2280.635771399949,1114426
2021-07-09,2270.67822265625,2282.76595125314,2258.6368522499642,2260.0725993336014,538094
2021-07-12,2263.91650390625,2278.5050874061126,2250.810025693126,2272.113988899275,543898
2021-07-13,2257.01611328125,2274.4761924865784,2250.810220862757,2273.966704616489,994396
2021-07-14,2236.77734375,2261.323215010044,2231.3586364319244,2259.88746787865,1377829
2021-07-15,2234.461669921875,2246.178759386968,2223.9485366136537,2246.178759386968,693792
2021-07-16,2239.139404296875,2250.810363302352,2228.5801374919583,2241.547769214688,545405
2021-07-19,2231.0341796875,2238.768534629119,2221.6327390599677,2223.0684860783977,463873
2021-07-20,2255.348876953125,2278.598077877544,2225.801293146235,2225.801293146235,1061476
2021-07-22,2202.783447265625,2323.0583069206527,2200.328950594103,2269.33526792488,3546044
2021-07-23,2184.21240234375,2215.380940994813,2181.062984671303,2206.3499117590236,1517589
2021-07-26,2175.50537109375,2185.9721473658497,2165.5944409073545,2183.4249340585375,1311535
2021-07-27,2169.669677734375,2185.462443909467,2160.0366715410023,2175.5051565084955,1656945
2021-07-28,2187.2685546875,2193.798727783325,2170.3181909180407,2176.70928944054,912373
2021-07-29,2162.583984375,2196.531298578877,2158.1842525297143,2187.26870522038,1012663
2021-07-30,2161.240966796875,2182.7764964872226,2147.0691536441072,2167.446859157554,1708251
2021-08-02,2160.77783203125,2179.8586387390574,2153.182550676199,2169.299372725637,1229936
2021-08-03,2210.842041015625,2216.5384451019368,2154.571790058691,2158.1841107762275,1733476
2021-08-04,2201.811279296875,2218.1596670224376,2192.9654569234995,2210.8423083201424,1588974
2021-08-05,2183.841552734375,2214.686033306552,2180.41443847914,2214.686033306552,921757
2021-08-06,2196.623779296875,2205.1916772342547,2183.6561499862464,2183.8413566060394,1432661
2021-08-09,2208.6650390625,2218.3907605597346,2199.726728331945,2203.9873849244254,921476
2021-08-10,2206.164306640625,2217.464624159466,2185.1382670859966,2217.464624159466,1061370
2021-08-11,2214.176513671875,2218.3910387433393,2188.0096882670737,2213.759742211516,1300594
2021-08-12,2215.890380859375,2235.5270346727034,2202.135338481883,2218.391235981406,1226064
2021-08-13,2227.190185546875,2231.9603298415414,2211.9069091644574,2223.948278435453,1033159
2021-08-16,2247.47509765625,2257.154686625818,2216.2138515308156,2226.7269832754005,1146309
2021-08-17,2300.64306640625,2304.0238226487545,2251.7828846818043,2253.5890452242043,1921902
2021-08-18,2302.727294921875,2315.6485687077534,2273.0406350435305,2301.7546772955066,1545643
2021-08-20,2426.24365234375,2436.062091914466,2293.418151931641,2306.3857828391706,5779927
2021-08-23,2439.90576171875,2475.752176320514,2403.1796721769115,2431.4305798667924,2163220
2021-08-24,2438.840576171875,2461.997057145782,2417.5366136758807,2439.7668354108314,1482854
2021-08-25,2449.955810546875,2469.8240269965845,2427.401306486265,2437.914439833412,1746570
2021-08-26,2469.777587890625,2498.8622641897146,2436.9881007078284,2436.9881007078284,2117291
2021-08-27,2480.475830078125,2491.6372988936064,2455.6059057326374,2472.185855296296,1176229
2021-08-30,2489.5068359375,2506.225859921941,2474.5941983243374,2493.1193825425535,1168190
2021-08-31,2523.222900390625,2535.588325631961,2478.345459049141,2489.6921348032292,2535891
2021-09-01,2531.3740234375,2570.369631545875,2514.794071944883,2542.581851745379,1775792
2021-09-02,2594.49853515625,2602.788510272855,2528.8266182003094,2545.3604363807135,1946183
2021-09-03,2562.681396484375,2601.6306427904124,2552.77046783458,2595.5635995352195,1561823
2021-09-06,2575.556640625,2616.6824621413466,2570.6474212207354,2584.2633873891527,1444978
2021-09-07,2572.870361328125,2601.584399058342,2565.7382100871555,2582.966723180294,1219915
2021-09-08,2594.35986328125,2602.788914277167,2561.1999576677576,2583.244750480066,946711
2021-09-09,2603.390625,2615.431995964337,2576.85338636822,2576.85338636822,879454
2021-09-13,2580.8828125,2614.3206391215053,2570.3696784951053,2591.2105137261465,1341412
2021-09-14,2558.83740234375,2597.230801018611,2548.185421526448,2595.378282615602,1755061
2021-09-15,2570.786376953125,2579.632198660778,2546.3332214316033,2569.443346170556,1362350
2021-09-16,2564.117431640625,2591.0253108387487,2549.0657172852884,2549.0657172852884,1259196
2021-09-17,2521.509521484375,2577.779777129586,2499.973991546084,2565.8311219414204,3095032
2021-09-20,2593.850341796875,2601.8623943504554,2510.2090811155267,2519.425315996169,2671330
2021-09-21,2605.057861328125,2648.4531989598404,2590.4229195074095,2602.788571324403,2277437
2021-09-22,2579.169189453125,2630.483867572612,2569.4434661673436,2619.368755246005,1580594
2021-09-23,2577.13134765625,2609.920837083342,2568.3782423220077,2592.599833051093,1054473
2021-09-24,2544.10986328125,2575.000699538269,2529.9844098035674,2565.8308234733354,1635284
2021-09-27,2509.69970703125,2561.107100919508,2505.0684102845603,2561.107100919508,1465932
2021-09-28,2522.99169921875,2551.3351005254744,2510.07019997538,2524.0568070492764,1078052
2021-09-29,2487.28466796875,2542.0728266609835,2479.596668930208,2514.7481715495005,1503894
2021-09-30,2502.5673828125,2505.8092903117777,2484.181045540162,2487.2841046016215,1620199
2021-10-01,2504.651611328125,2512.0153278470725,2482.467745382351,2506.4577718120127,956111
2021-10-04,2488.117431640625,2523.1300748227136,2482.096746807164,2500.8998538991655,1025005
2021-10-05,2508.91259765625,2514.748077485908,2487.932911327372,2488.118117991991,562784
2021-10-06,2487.978515625,2532.3925980777603,2478.6695656386564,2495.3885890648767,862471
2021-10-07,2472.556640625,2504.836869717214,2469.407449261752,2499.0477487277594,1082816
2021-10-08,2445.37109375,2481.0320794768295,2431.8012583038894,2473.5756463246203,1579941
2021-10-11,2450.048583984375,2468.9441833966657,2441.156404180046,2447.362296310919,1086252
2021-10-12,2478.80859375,2489.831214473345,2431.430523714342,2431.430523714342,1174337
2021-10-13,2451.5771484375,2494.9724932249287,2447.7332622547533,2489.8780663555963,1660007
2021-10-14,2454.17041015625,2479.3646182646175,2426.799402205397,2451.576838850052,2158809
2021-10-18,2458.292236328125,2481.3560029509467,2448.1497419973066,2475.705956779055,1758177
2021-10-19,2358.9970703125,2530.5402357987336,2334.6364071488683,2473.0194467188758,5431133
2021-10-20,2295.872314453125,2393.4538132784373,2287.860262692624,2379.559925043462,4864654
2021-10-21,2265.399169921875,2320.2800452435026,2248.958063812864,2318.7979395899147,3254632
2021-10-22,2273.133056640625,2314.0273146054406,2250.810116878303,2277.6716367916656,1845622
2021-10-25,2274.75439453125,2281.886547174693,2232.2853076628053,2273.133440469669,1560381
2021-10-26,2271.0263671875,2300.895234205019,2252.5736798418484,2300.895234205019,1595060
2021-10-27,2233.515380859375,2288.127610188437,2228.4360624236206,2287.94126536677,3083879
2021-10-28,2227.0380859375,2251.5951020054545,2206.8614244821674,2236.6838761643585,2015791
2021-10-29,2230.2998046875,2238.547667077929,2211.5210715969715,2236.683763941311,2453400
2021-11-01,2243.30078125,2246.842015298541,2207.0943706778917,2230.160172714956,1941114
2021-11-02,2254.297607421875,2262.7784578919227,2238.547716580065,2250.6630872359938,1350154
2021-11-03,2247.261474609375,2268.3700863328436,2223.8227564696685,2268.3700863328436,1591607
2021-11-04,2257.97900390625,2264.642366772894,2255.3228508602483,2263.7104151816297,245719
2021-11-08,2266.41259765625,2282.349058162674,2236.7767241249016,2282.349058162674,2555533
2021-11-09,2265.714111328125,2279.7400288469034,2252.0144678903252,2273.7756294335327,1696949
2021-11-10,2236.8232421875,2255.3225699810823,2232.9557345763114,2246.9816497834963,1794509
2021-11-11,2214.503173828125,2243.160683294713,2205.183658554438,2239.1998893033965,1282647
2021-11-12,2241.29638671875,2249.3579025314057,2214.502785011253,2225.499856608811,1651974
2021-11-15,2259.749267578125,2264.642012667221,2240.5045612385647,2240.5045612385647,1007999
2021-11-16,2242.881103515625,2268.975746877453,2236.7770028938417,2268.975746877453,1245209
2021-11-17,2228.435791015625,2246.0498112993123,2224.7546280088463,2240.4114590852705,956809
2021-11-18,2236.12451171875,2242.6017571684697,2208.7252265021507,2227.3642579494262,1236943
2021-11-22,2226.0126953125,2245.9097223780036,2215.3883121997865,2245.443746650092,1629290
2021-11-23,2231.278076171875,2236.683439990627,2177.504523974208,2225.3136780094487,1932539
2021-11-24,2213.15185546875,2242.2753402496314,2205.9292312430916,2242.2753402496314,999070
2021-11-25,2189.200927734375,2224.5684450652166,2181.698671930319,2224.5684450652166,1363272
2021-11-26,2176.199951171875,2204.065208890729,2166.97349517647,2184.4942281775343,2450902
2021-11-29,2170.887939453125,2182.8636083774177,2129.229748948553,2175.5476973960804,1724612
2021-11-30,2159.844482421875,2200.3377340552224,2145.3525894939103,2163.9916215485923,3931035
2021-12-01,2185.286865234375,2196.3769985931604,2165.1566190650515,2180.7668088291057,1263139
2021-12-02,2221.120361328125,2225.5004884758723,2185.4265684572533,2196.609987997333,1673117
2021-12-03,2184.168212890625,2227.270973138719,2178.8094913462674,2221.120229273713,1890178
2021-12-06,2149.54638671875,2203.086961164305,2144.420652867914,2184.494572065359,1079171
2021-12-07,2163.618896484375,2182.304343791381,2154.672070233753,2169.49000946365,895313
2021-12-08,2181.325927734375,2184.913804749343,2160.4967192105473,2160.4967192105473,839769
2021-12-09,2180.533447265625,2188.781308768358,2163.5719760533693,2181.6983866006317,716666
2021-12-10,2174.056640625,2187.2903072469094,2162.1276151737666,2187.2903072469094,724539
2021-12-13,2147.542724609375,2191.9501265969234,2144.4205957906124,2191.9501265969234,1804894
2021-12-14,2160.54345703125,2166.74084420982,2147.216503539423,2148.148455146862,1219031
2021-12-15,2163.012939453125,2166.601043989555,2143.9545754528085,2158.399824711456,755122
2021-12-16,2152.34228515625,2167.0671663860862,2147.1699081147017,2163.0130857928384,926493
2021-12-17,2078.485107421875,2151.8296546545043,2074.524313023694,2146.284588002501,2439222
2021-12-20,2114.69140625,2119.584152010436,2051.3651148145655,2074.5242024248582,2175705
2021-12-21,2118.1865234375,2146.005145311675,2099.454203158591,2134.1694041652086,1591415
2021-12-22,2122.659423828125,2159.7044991096,2114.5981336771406,2143.488632638794,1661605
2021-12-23,2144.09423828125,2148.148318526673,2119.817082473267,2142.5099661548115,1423081
2021-12-24,2140.646240234375,2155.604109325939,2127.9251915598893,2152.8082544500303,895503
2021-12-27,2144.79296875,2151.0372254656045,2123.2183837665043,2140.6458303169975,584302
2021-12-28,2151.9697265625,2160.636695210051,2141.391983928229,2152.8083920679833,783710
2021-12-29,2149.87255859375,2163.851832067857,2142.603290881767,2157.3745866697304,1410236
2021-12-30,2167.3466796875,2171.4471756176845,2140.366499496552,2150.944240912281,963711
2021-12-31,2199.545166015625,2209.0512530102455,2171.4469202685295,2180.7664349477936,1123597
2022-01-03,2200.6171875,2216.180732504574,2192.881944315922,2216.180732504574,879278
2022-01-04,2237.8486328125,2244.23259186494,2195.0721481873306,2207.746552600195,1484275
2022-01-05,2251.408447265625,2255.3225980046523,2229.227956374846,2240.2250294242795,1202512
2022-01-06,2228.668701171875,2247.8669928681206,2206.5814963742614,2234.8196720139936,1198901
2022-01-07,2251.734619140625,2257.0933404879634,2225.500274338027,2225.500274338027,1026186
2022-01-10,2243.25439453125,2259.982882111944,2238.547992920779,2259.982882111944,919447
2022-01-11,2240.085205078125,2253.738431515085,2229.228060759648,2252.666550738767,1321335
2022-01-12,2248.93896484375,2251.5951179764356,2235.2859645970534,2243.39389820021,1487554
2022-01-13,2249.917724609375,2257.093707117294,2239.712899108799,2253.4591865370126,1586299
2022-01-14,2202.853759765625,2256.254627305183,2200.1511913716477,2255.322675786263,1596037
2022-01-17,2226.94482421875,2231.278307822751,2185.4263380480415,2203.1334171196463,912205
2022-01-18,2208.259033203125,2244.7914857359015,2196.9823292773794,2244.7914857359015,1667579
2022-01-19,2152.71484375,2207.4205830125657,2148.195015145087,2203.1335147732616,2145255
2022-01-20,2107.887939453125,2167.2998473314365,2090.3672058204297,2166.7872285031203,2829711
2022-01-21,2167.16015625,2175.501305078791,2096.891096730464,2110.684025894407,4596050
2022-01-24,2129.13671875,2185.3798613564986,2112.4546485750116,2179.741508664749,2231103
2022-01-25,2168.884033203125,2174.8950746089126,2088.409933698486,2128.1111568672623,1843543
2022-01-27,2139.1552734375,2167.3468103571004,2120.1899666806853,2152.808273860388,2620474
2022-01-28,2128.15771484375,2160.915716310477,2123.031982023641,2138.4558235605014,1967721
2022-01-31,2119.025146484375,2154.532596739286,2116.4622793473404,2134.169361385033,1639875
2022-02-01,2148.753662109375,2162.1272557582415,2123.357986368249,2146.5637128278354,1270508
2022-02-02,2169.490234375,2174.24327897475,2140.2736855952353,2165.948999997283,1246111
2022-02-03,2141.764404296875,2173.2644127905533,2134.1690900310223,2170.5152011712885,1448039
2022-02-04,2149.6396484375,2155.371059758247,2127.6454996986613,2149.0803864674167,1014561
2022-02-07,2103.9736328125,2159.051825637281,2084.775342403535,2139.061513031611,1207402
2022-02-08,2110.2646484375,2113.6661806891766,2093.675864829641,2113.6661806891766,1190660
2022-02-09,2122.659423828125,2125.1758751143198,2102.1100735239675,2113.246849392447,1049611
2022-02-10,2127.785400390625,2129.5096020202354,2102.34330139049,2124.849843591307,1195100
2022-02-11,2104.346435546875,2123.917416568347,2095.9588722519584,2123.917416568347,2100036
2022-02-14,2076.90087890625,2084.0768610498017,2056.817275500017,2068.932646855477,1661501
2022-02-15,2134.26220703125,2147.355943497787,2071.308838117581,2094.9803150499783,1533070
2022-02-16,2130.907470703125,2146.9836368389783,2120.190026612556,2134.2625876902075,995668
2022-02-17,2150.52490234375,2155.603992921927,2121.121784647776,2126.7134940976384,869374
2022-02-18,2155.184814453125,2169.3970769886173,2137.8970659946654,2137.8970659946654,890713
2022-02-21,2138.642578125,2147.2631304287875,2129.276419035436,2141.624777740861,737919
2022-02-22,2115.4833984375,2124.8495571223684,2096.9842964850354,2124.8495571223684,902667
2022-02-23,2106.58349609375,2119.2114869209463,2098.9881808779255,2115.530323273567,1324411
2022-02-24,2023.639404296875,2089.435271474628,2013.2948791212511,2050.2933083158705,2997629
2022-02-25,2022.9873046875,2046.5657258136623,2015.0190729544972,2045.6337742081005,2193728
2022-02-28,2024.291748046875,2031.5607870208707,1975.7369885899864,2016.7428506173258,2334036
2022-03-02,2002.857177734375,2008.169256092091,1978.5797942227177,1984.078217385975,2034688
2022-03-03,1948.7109375,2020.424572836549,1944.610441172311,2011.0584130690806,2372998
2022-03-04,1882.076171875,1936.5486949489505,1840.8373154226756,1933.799483357576,6320118
2022-03-07,1811.667236328125,1845.4039519292721,1795.8707024837552,1844.7981606469089,2976453
2022-03-08,1816.3734130859375,1824.7609763069602,1772.15236138721,1793.5872451742684,3211938
2022-03-09,1861.9459228515625,1870.4733018212646,1818.2373747899483,1830.3527442785537,2879079
2022-03-10,1958.9156494140625,1970.1457118674798,1909.5688569614315,1912.2714256309555,4879791
2022-03-11,1951.87939453125,1966.6042757278608,1929.1398658671947,1957.0984146478786,2481643
2022-03-14,1919.16796875,1952.4385952495188,1906.8661394143592,1952.4385952495188,1730325
2022-03-15,1899.5037841796875,1939.2050149926636,1887.202068056327,1905.8411008272537,2391023
2022-03-16,1931.143310546875,1938.4592212147568,1893.7721899619114,1919.820190241538,2808685
2022-03-17,1959.0084228515625,1972.6614194114488,1940.6490263676478,1955.3272604454298,2995889
2022-03-21,1911.618896484375,1967.2563562620776,1906.7727941259611,1963.155860618933,1674982
2022-03-22,1857.8453369140625,1913.9954154438203,1835.0125248978125,1913.9954154438203,5356303
2022-03-23,1843.912841796875,1879.3270017923637,1840.8373560812922,1875.086576603245,3212162
2022-03-24,1832.1234130859375,1855.841532433224,1818.5634737255946,1835.9443913507482,3054664
2022-03-25,1820.101318359375,1842.4681548369097,1812.6457062001969,1840.5110793978479,2233647
2022-03-28,1840.697509765625,1846.0097019341574,1799.878099554704,1826.5784208300988,1794533
2022-03-29,1851.8343505859375,1859.1035043300467,1839.7189805821397,1845.2640467322778,1249125
2022-03-30,1878.7210693359375,1881.6100962604849,1859.2899031302493,1863.903017593348,1476829
2022-03-31,1909.242431640625,1914.2284633911195,1880.6782079470688,1881.9829628559494,2540524
2022-04-01,1936.73486328125,1943.9110716476312,1899.6899059801547,1915.0669915264236,1714996
2022-04-04,1983.612060546875,1987.339866426369,1929.325887426742,1936.5951543971983,1693019
2022-04-05,1994.1900634765625,2011.151536957502,1982.261037585082,1998.5701904566095,1277652
2022-04-06,1996.286865234375,2017.115845881939,1976.948870552003,1989.7165612946765,1736115
2022-04-07,2017.4884033203125,2026.994261939833,1989.8094926971935,1994.329320397157,1824732
2022-04-08,2034.4969482421875,2044.2357967765452,2016.277249293848,2029.510916263543,1693462
2022-04-11,2015.858154296875,2044.7952998591807,1993.3513844029621,2039.1103035230944,1380107
2022-04-12,1987.153564453125,2017.6749757490986,1980.3969161509629,1995.214853830334,1370233
2022-04-13,2005.6995849609375,2017.6752542708587,1985.709268247399,1992.232929577605,1071601
2022-04-18,2029.4644775390625,2034.3572238412173,1989.7634726322226,2001.8322013387515,1828131
2022-04-19,1969.2603759765625,2056.677481654838,1958.076956764687,2036.9665687775598,1775996
2022-04-20,2017.628662109375,2021.0768376797798,1950.2951559659668,1970.5184610945912,1511804
2022-04-21,2048.3828125,2053.788176860029,2020.470909782209,2036.3140857352982,2244813
2022-04-22,1982.2142333984375,2040.0418705285028,1975.7372158613184,2033.5182099100928,3520828
2022-04-25,1957.7972412109375,2014.8792743058655,1907.704844821511,1957.0982775403875,2437310
2022-04-26,2002.1583251953125,2011.1049241029732,1976.6693577420535,1996.426686297958,1447088
2022-04-27,1999.1295166015625,2005.9325814245758,1960.3602380914442,2001.6457404770708,2214481
2022-04-28,2089.295654296875,2096.8909683491133,2017.6750873225915,2078.2519375193438,5865359
2022-04-29,2082.77197265625,2134.1690086439226,2071.308923305249,2091.671927766584,2678692
2022-05-02,2078.7177734375,2098.75473023145,2055.791676048419,2068.932282910222,1543544
2022-05-04,2023.779541015625,2097.6833483473993,2002.4377128747774,2089.388842597076,1608395
2022-05-05,2019.166259765625,2052.110609571397,2007.0508899724878,2029.790416111793,1101451
2022-05-06,2002.9501953125,2022.3348327633273,1962.8762792715677,1980.3970136507237,1585602
2022-05-09,1972.614990234375,1993.8168862012708,1966.557305672405,1977.1350458799618,1341414
2022-05-10,2032.026611328125,2048.335759782965,1974.8048900460178,1988.7841601501661,2162232
2022-05-11,2016.2774658203125,2040.6945544052185,1972.009760885501,2036.3144270013324,1858636
2022-05-12,1993.25830078125,2017.5356875761809,1965.6724400133942,2017.5356875761809,1531515
2022-05-13,2044.795166015625,2067.0687190011745,2007.563516309378,2022.3350406819425,2057239
2022-05-16,2066.36962890625,2070.7497558016858,2024.478451130906,2050.293464243432,1396818
2022-05-17,2092.2314453125,2122.053897985106,2070.144236807303,2085.6144976148626,2055096
2022-05-18,2135.4736328125,2145.352409985793,2083.936895515336,2083.936895515336,2137455
2022-05-19,2110.450927734375,2128.3909950691245,2092.650562121211,2092.7904913700295,1734602
2022-05-20,2167.67236328125,2188.2219376302796,2127.3654643023274,2134.168755184557,2599505
2022-05-23,2217.8583984375,2225.5003558289523,2149.4066009213248,2151.8761815783296,2363306
2022-05-24,2152.481689453125,2218.04456844299,2145.39899457443,2218.04456844299,3078655
2022-05-25,2142.27685546875,2171.400339679584,2130.9070927382845,2171.400339679584,1884260
2022-05-26,2125.03564453125,2139.760522903361,2104.346367907574,2134.308515926021,2299127
2022-05-27,2172.00634765625,2176.013557251892,2125.31548454464,2140.692684937092,1011303
2022-05-30,2189.107421875,2204.065288897061,2172.378938020739,2182.816749274554,939562
2022-05-31,2193.114990234375,2206.767989463334,2147.1230901219974,2199.4056632117813,3123979
2022-06-01,2151.364013671875,2249.545223457003,2145.3529702727888,2208.7256905067375,2197599
2022-06-02,2129.322998046875,2149.965634363882,2103.5544005546167,2138.8288585795585,1460335
2022-06-03,2135.986328125,2166.740729542921,2111.009980861968,2128.5773587434023,1845303
2022-06-06,2125.315673828125,2145.3059906132307,2094.654556477287,2117.580429860595,2131405
2022-06-07,2061.104248046875,2106.0709127136256,2056.863822764561,2096.891098449515,2034730
2022-06-08,2047.5443115234375,2067.953960584815,2037.246200821703,2064.272797264443,1506843
2022-06-09,2048.14990234375,2058.0753229955944,2023.0338532527846,2047.497581755784,1497867
2022-06-10,2050.2001953125,2058.5413439975937,2015.6249281184046,2015.8112729294546,1641981
2022-06-13,2047.4039306640625,2066.136244732734,2009.287209582217,2020.4706263331384,1519441
2022-06-14,2023.266845703125,2063.294119876604,2013.015378497812,2041.7661752617892,1592475
2022-06-15,2018.142822265625,2029.7539040767374,2003.522981724058,2029.5659140401,1432377
2022-06-16,2018.2838134765625,2034.5489689786614,2007.3308112574412,2016.6855538166492,1353485
2022-06-17,1984.2022705078125,2031.1642022380368,1974.377438210597,2030.7882221594712,3252189
2022-06-20,2064.540771484375,2071.1220302134116,1982.0399924168078,1984.7195967137795,2022000
2022-06-21,2073.096435546875,2098.481289859694,2042.2114376518462,2063.6946376532383,1606187
2022-06-22,2071.074951171875,2091.8057300002215,2055.2798862496575,2058.2413605005468,1741378
2022-06-23,2117.8486328125,2122.314485857755,2060.967767709781,2075.9165313521157,1585753
2022-06-24,2166.080078125,2180.0888944056537,2124.853332973325,2129.507176922961,1930048
2022-06-27,2181.827880859375,2192.3580768959264,2160.5799578297406,2177.3152020277726,1450391
2022-06-28,2179.0078125,2184.9780465673257,2141.5888368115943,2181.8283521470316,1404108
2022-06-29,2099.844482421875,2162.3193828566273,2091.9000091930543,2158.8407635800163,1682914
2022-06-30,2097.1650390625,2114.464254622484,2080.9937637575617,2091.8058308665695,2387212
2022-07-01,2145.8193359375,2155.832158421891,2071.780180911018,2092.840115415233,1235612
2022-07-04,2233.114990234375,2236.029639396416,2139.84920101813,2139.84920101813,2410245
2022-07-05,2257.841796875,2267.713684806371,2229.7305125801013,2241.8587402242088,2463079
2022-07-06,2348.9453125,2359.0054208111446,2256.4317044327004,2256.4317044327004,4770394
2022-07-07,2325.017822265625,2379.5953110032447,2318.0135279646383,2355.150633766546,3333262
2022-07-08,2347.488037109375,2354.0222408446275,2306.0730708063625,2328.308231372418,1346970
2022-07-11,2341.61181640625,2373.953908533825,2331.6458190748067,2338.227077435098,1587197
2022-07-12,2303.01708984375,2341.611510086488,2298.222081851227,2326.944615844926,1116476
2022-07-13,2348.333984375,2368.641958908877,2314.1583584470563,2316.6029176258635,2528792
2022-07-14,2348.381103515625,2371.979478303374,2320.5516901761675,2353.034947525601,1663307
2022-07-15,2414.8515625,2419.9284410719883,2352.376667263305,2378.6546440042825,2996964
2022-07-18,2400.749267578125,2449.168530268657,2381.522635387842,2426.6042136750107,1566888
2022-07-19,2414.334228515625,2420.962540796665,2371.8381552601113,2397.410995220736,1473121
2022-07-20,2448.698486328125,2461.3909146504247,2383.9201847050513,2420.963179994211,4012897
2022-07-21,2451.471923828125,2472.5789157243375,2436.6640910707065,2460.450687375557,1990695
2022-07-22,2482.638671875,2485.0830014366134,2454.8563151138937,2460.4503385664325,1905780
2022-07-25,2466.65576171875,2495.237135205847,2455.749584460314,2487.2456070787753,1253821
2022-07-26,2394.73193359375,2467.9718443212746,2386.270315841791,2467.9718443212746,1685576
2022-07-27,2427.4970703125,2435.5356531176712,2373.953879221046,2383.684831490896,1404133
2022-07-28,2463.365234375,2467.972023671418,2430.364830929758,2467.972023671418,1442054
2022-07-29,2479.63037109375,2486.7758301327713,2440.7070151322023,2482.0749306429175,1463059
2022-08-01,2437.88623046875,2480.194321626133,2425.663893023284,2479.724231724384,1559918
2022-08-02,2477.608642578125,2481.2284263663405,2443.527127240507,2444.467306973959,1359934
2022-08-03,2469.240966796875,2504.638639539002,2442.4926715708543,2458.8048806510415,1767904
2022-08-04,2470.74560546875,2485.318393229677,2458.570322246679,2476.433739502009,1189384
2022-08-05,2487.1513671875,2498.6685688858342,2470.3692967201387,2480.1941289964025,1176666
2022-08-08,2491.80517578125,2498.9974581409406,2468.9587648504053,2487.1511029809344,1024511
2022-08-10,2484.706787109375,2516.5787849448566,2473.8006115209505,2491.805189266045,1098949
2022-08-11,2457.347900390625,2508.164664550663,2450.6727615240234,2497.164606784281,810674
2022-08-12,2439.71923828125,2469.00597331785,2430.458606065407,2467.8775740621036,1473527
2022-08-16,2486.304931640625,2489.924714885107,2435.58228854726,2451.9413216375724,1584117
2022-08-17,2524.05322265625,2532.8439942577184,2486.3051012674596,2492.416269033857,1711381
2022-08-18,2521.609375,2552.5882546883545,2505.2501081322753,2524.382859608925,1465489
2022-08-19,2476.95068359375,2537.4981695694582,2469.3821904627666,2528.1434266721417,1324508
2022-08-22,2469.570068359375,2507.27136761359,2463.365019819106,2489.5959426572986,1410895
2022-08-23,2437.651123046875,2472.3907199885966,2430.599774701353,2446.394840902538,1305045
2022-08-24,2433.42041015625,2453.8693211659665,2408.08261000775,2421.9032074036513,1242489
2022-08-25,2420.210693359375,2471.1683904667857,2411.9841204557224,2445.595546890646,1106593
2022-08-26,2417.719482421875,2458.2881501826396,2408.7407191579205,2444.37344282205,1048791
2022-08-29,2421.715087890625,2451.89472066656,2397.458404013392,2397.458404013392,1450034
2022-08-30,2500.7373046875,2507.4594983673783,2430.928955323504,2433.8433749490387,2227943
2022-09-01,2450.1083984375,2496.177205622242,2438.8262415759305,2491.4763069299215,1702269
2022-09-02,2447.852294921875,2466.0916917924455,2430.364858285731,2458.570253159453,937600
2022-09-05,2445.031494140625,2465.5272285963338,2431.398888075206,2441.6467553030598,1274074
2022-09-06,2419.1767578125,2463.2710990303262,2409.6808499292847,2436.193874629951,1250776
2022-09-07,2411.185302734375,2441.552927852562,2407.612573445149,2417.9545516562225,1344964
2022-09-08,2422.984130859375,2440.706610814734,2409.6806793213264,2425.6637349391426,1004533
2022-09-09,2433.84326171875,2488.6557867987513,2428.907318053962,2442.5869792607314,1785443
2022-09-12,2426.03955078125,2449.168062688624,2420.02249265279,2436.00554718857,1595709
2022-09-13,2431.869140625,2452.9290761411776,2424.723682394824,2442.5870984341814,1342130
2022-09-14,2417.578369140625,2450.1086836932777,2394.3559728040896,2397.4586122094624,1610054
2022-09-15,2407.236328125,2443.3393710668047,2398.3987295990864,2425.663944478888,1199906
2022-09-16,2376.915283203125,2410.4798830604955,2367.9835758033796,2402.1592006684114,2516820
2022-09-19,2424.958740234375,2433.185313454129,2358.0179846277065,2379.5950650511595,1166725
2022-09-20,2429.00146484375,2464.6812408283668,2425.287800698982,2443.1512161388982,1253333
2022-09-21,2466.65576171875,2488.4208318033448,2425.663831511336,2427.5441910706472,1960049
2022-09-22,2531.6689453125,2539.660472946018,2463.3179254600923,2466.1855195181556,2620240
2022-09-23,2521.609375,2560.8148282531884,2514.0408814131347,2536.511087678643,1789791
2022-09-26,2501.395263671875,2565.7505212379992,2484.94211815276,2508.869646729059,2678551
2022-09-27,2518.9765625,2551.4127634540914,2494.6728244634487,2515.9209783521505,1898501
2022-09-28,2540.4599609375,2546.712064870694,2493.4039154560223,2510.2330422705436,1526197
2022-09-29,2539.00244140625,2563.8701496087356,2530.1177887752156,2548.9213835651585,2019666
2022-09-30,2535.1474609375,2552.4937301858768,2508.305285074081,2545.0664025027845,1340054
2022-10-03,2465.62109375,2570.451123093422,2460.967250462142,2560.109147104385,1683197
2022-10-04,2508.3525390625,2516.3911218993767,2476.5744173397807,2491.4763583162144,1327939
2022-10-06,2457.629638671875,2531.2457521797,2449.2150765966394,2520.903775888426,1752351
2022-10-07,2444.185546875,2456.6899849751667,2420.963150138176,2455.655695310182,1025923
2022-10-10,2449.732666015625,2454.5274454448854,2389.937136789768,2416.262172128129,1043728
2022-10-11,2398.0693359375,2454.3862394726934,2392.757412278695,2453.8690947141035,1129783
2022-10-12,2436.3349609375,2448.7923430031724,2401.4071444430424,2410.1038073945497,882873
2022-10-13,2412.877197265625,2451.1895217396013,2409.586568169701,2428.4842727921514,753331
2022-10-14,2421.715087890625,2467.877776693316,2416.449989385028,2435.0655946645825,1001536
2022-10-17,2435.58251953125,2453.8219135357876,2414.381421808702,2419.646519838906,778918
2022-10-18,2446.58251953125,2483.9546610055,2441.6465763176698,2463.2707084914496,1123374
2022-10-19,2428.484375,2460.9205774535426,2424.1594561917627,2458.852227841982,1241979
2022-10-20,2445.313232421875,2453.8689593051386,2414.522347970824,2414.522347970824,1428125
2022-10-21,2495.14306640625,2507.2244685877413,2450.1085460353065,2450.1085460353065,2458302
2022-10-24,2419.1767578125,2482.07469520613,2397.458512415012,2453.9634107377374,719908
2022-10-25,2355.5263671875,2431.304950498523,2350.4494881076207,2431.304950498523,2923789
2022-10-27,2368.31298828125,2378.6549663960154,2339.1674135941844,2344.8084925658745,1846329
2022-10-28,2373.248779296875,2398.3044782988304,2361.731577139249,2374.988203682049,1164951
2022-10-31,2398.116455078125,2418.1423297660617,2389.98399201212,2392.7574763820476,1324443
2022-11-01,2415.24755859375,2438.0106358743797,2411.2723561405865,2431.5271021633494,1280132
2022-11-02,2383.540771484375,2426.79522677603,2367.5449856731047,2426.79522677603,1338284
2022-11-03,2410.089599609375,2412.5977001586793,2374.0756881563893,2381.0796063109324,730444
2022-11-04,2385.48095703125,2409.7582801093517,2380.6537761370964,2408.764421563361,889055
2022-11-07,2397.264892578125,2415.4374162658305,2382.310335713595,2395.655909166537,1283685
2022-11-09,2374.54931640625,2408.717397090055,2359.26339542891,2375.6850558750957,1436444
2022-11-10,2379.092041015625,2402.1862529874106,2367.2135718394065,2370.0056648859245,1459152
2022-11-11,2369.10693359375,2410.5157853237633,2361.4876586601913,2408.8120606373495,1162847
2022-11-14,2326.27783203125,2379.2337798417407,2323.7695006390454,2372.6557356462654,2137131
2022-11-15,2325.994384765625,2336.8789973494722,2313.358676857381,2326.2783773960928,1558333
2022-11-16,2345.25537109375,2350.1296918380563,2298.1675933374295,2331.7205465485586,1330395
2022-11-17,2328.360595703125,2364.327141490409,2322.9182894326805,2347.2429860262123,960476
2022-11-18,2350.792236328125,2355.382795630736,2317.8072676554602,2337.8253967395817,1075675
2022-11-21,2367.544921875,2377.577786813517,2337.872662584153,2350.7921309777334,1354881
2022-11-22,2381.07958984375,2388.935485714857,2363.3803121354986,2371.8039621071234,921265
2022-11-23,2373.17626953125,2389.881686712873,2368.11246738836,2386.095735526001,734152
2022-11-24,2412.739501953125,2423.0089879457746,2376.772962288305,2382.310008851373,999929
2022-11-25,2401.66552734375,2418.6549378844725,2383.4456363937766,2418.276435178303,783480
2022-11-28,2390.0712890625,2406.4455765656708,2386.853322511518,2391.7750135620254,830905
2022-11-29,2493.23876953125,2498.681075806606,2391.9645484072375,2391.9645484072375,2542932
2022-11-30,2540.704833984375,2553.624301120372,2482.637710095899,2493.049076779488,3698270
2022-12-01,2520.355712890625,2539.427354035937,2505.2119045922373,2536.587889979989,1675569
2022-12-02,2475.160400390625,2517.657611247777,2467.6356373306917,2517.657611247777,2101890
2022-12-05,2479.656494140625,2484.530814546321,2446.8131781312222,2460.8686163125462,1640511
2022-12-06,2512.499755859375,2517.6106986070267,2464.512860680038,2467.304954052851,1484562
2022-12-07,2562.47412109375,2574.257849291455,2514.1084967355036,2517.705196988416,2368561
2022-12-08,2560.67578125,2565.9762062069585,2542.030014827384,2550.832398988402,1314703
2022-12-09,2576.57666015625,2594.8912932696076,2566.1652933597697,2578.8955092729643,1883397
2022-12-12,2571.84423828125,2578.233031586393,2544.7745919949284,2557.5995492152956,1163204
2022-12-13,2565.266357421875,2574.447244394373,2553.435257953151,2571.607780521879,1265839
2022-12-14,2540.98876953125,2574.4472108229606,2528.400664721609,2574.4472108229606,886858
2022-12-15,2520.733642578125,2539.663398647425,2506.7255768716186,2525.560822806246,990722
2022-12-16,2528.353271484375,2543.875581215562,2511.3164886240284,2525.2298150780803,1793864
2022-12-19,2572.64892578125,2574.4471604113696,2528.3532446001177,2528.3532446001177,1546941
2022-12-20,2531.429443359375,2561.243814378814,2511.2692034071883,2561.1964437651377,827567
2022-12-21,2523.52587890625,2550.9266561597296,2508.287563049473,2544.111989802429,779092
2022-12-22,2503.7919921875,2544.63285481951,2500.6211651229855,2533.2749994139554,852567
2022-12-23,2480.83984375,2507.7673817265318,2468.4881288633214,2491.156470746252,1189702
2022-12-26,2477.385009765625,2496.6935039260525,2467.2576342157854,2480.6977178196216,605144
2022-12-27,2454.479736328125,2493.900864766486,2437.4429541999434,2484.5307270264448,870960
2022-12-28,2445.34619140625,2463.8027051583895,2440.140508040262,2454.2430850922087,822651
2022-12-29,2430.62841796875,2445.0623591572944,2403.511399647527,2442.1755247043534,1345863
2022-12-30,2424.003173828125,2448.0438769468897,2418.466126517221,2441.8917048575186,696432
2023-01-02,2421.49462890625,2441.9862312468067,2402.233738166701,2436.16519182867,681703
2023-01-03,2406.019775390625,2424.902164059462,2399.3469890283905,2413.591679103535,821843
2023-01-04,2400.387939453125,2421.4944337407533,2391.8221781574375,2414.0172721230715,1672649
2023-01-05,2445.440673828125,2453.249198788592,2401.71298026474,2401.760350873668,2008493
2023-01-06,2438.578369140625,2472.131314376571,2437.1112668816977,2441.9384469398155,991782
2023-01-09,2483.631591796875,2488.7425339679457,2432.4738751719024,2450.7885082578377,1267078
2023-01-10,2502.372314453125,2511.3639501772454,2475.1607852880243,2483.6318064128836,1413088
2023-01-11,2454.479736328125,2506.1580678807336,2449.6054160941317,2502.513997050636,1471687
2023-01-12,2451.451416015625,2463.329887238485,2435.0771265627877,2447.7128344396174,1703829
2023-01-13,2483.584228515625,2498.018168868088,2429.3030554809857,2451.5928915519858,1348015
2023-01-16,2458.123779296875,2487.3227919121446,2445.7246955692203,2487.3227919121446,930068
2023-01-17,2524.803955078125,2531.8552440285057,2462.5723729118167,2466.026961468533,1892865
2023-01-18,2542.455810546875,2549.3652185945693,2517.6578731990176,2525.22977657706,2038075
2023-01-19,2507.95654296875,2535.9253091933156,2472.131880238682,2527.2176659301786,1649842
2023-01-20,2412.36083984375,2465.6007799089625,2400.34049070203,2413.543949622977,4569549
2023-01-23,2457.461181640625,2464.654582376025,2415.437209763293,2423.009113242175,1388360
2023-01-24,2461.341796875,2470.333431972217,2442.6960313623167,2464.654504542396,1462462
2023-01-25,2482.022705078125,2500.6211003928256,2455.1896799466276,2461.3418514653836,1591810
2023-01-27,2472.36865234375,2504.927979711483,2440.2354294568736,2494.469240607341,1581382
2023-01-30,2430.72265625,2470.33326482331,2394.803488901991,2470.33326482331,2744039
2023-01-31,2438.86279296875,2451.593009512975,2405.215100575178,2430.581023515572,2366794
2023-02-01,2436.49658203125,2463.708110334017,2410.5629048792493,2461.0578978840813,2014615
2023-02-02,2493.853759765625,2498.4914580898353,2425.848511065157,2432.0006824744128,1980667
2023-02-03,2507.009765625,2515.2441639443396,2490.3514865498996,2498.727996696555,1638238
2023-02-06,2496.45654296875,2503.460460901495,2460.6318840183976,2490.209630484625,1697446
2023-02-07,2462.00439453125,2503.9812272919867,2456.420208090268,2503.460612707383,1495745
2023-02-08,2444.58935546875,2467.967563837129,2440.377529906776,2453.95949463252,1061956
2023-02-09,2448.2802734375,2460.773867852963,2428.688019572779,2448.564266030701,1102484
2023-02-10,2439.572509765625,2448.232781433851,2418.607895662112,2446.671168862906,1523011
2023-02-13,2442.88525390625,2452.1135108708318,2413.5441291983484,2423.0090081363815,1146525
2023-02-14,2441.560302734375,2462.7615394676645,2432.663177743183,2446.671245013033,1944364
2023-02-15,2412.0771484375,2434.177734303244,2401.2399077219407,2413.54425096214,2009134
2023-02-16,2391.86962890625,2424.8072224749017,2387.847055391145,2423.0089879221355,1982857
2023-02-17,2380.890625,2409.9951317456766,2372.750735560982,2389.8822612303716,1395341
2023-02-20,2377.05712890625,2406.918870108475,2373.9810430518055,2383.2566712281323,632091
2023-02-21,2381.50537109375,2407.8177801990973,2377.8615314255153,2392.721344828088,862797
2023-02-22,2360.58837890625,2388.5097741526906,2349.8930185796685,2381.5056244960197,885515
2023-02-23,2357.3701171875,2381.268937894084,2347.3848541888447,2358.647968348811,757215
2023-02-24,2351.26513671875,2376.8676799947484,2339.670660230971,2358.8370397311774,732783
2023-02-27,2336.073974609375,2353.915363623792,2324.574239268208,2353.915363623792,853991
2023-02-28,2328.975830078125,2341.9429017935163,2305.313627789008,2337.588964141841,1780454
2023-03-01,2334.27587890625,2337.825208676508,2317.0024740243284,2326.467353411683,967339
2023-03-02,2323.959228515625,2337.825184242716,2313.216498092793,2334.275854509554,827174
2023-03-03,2338.771728515625,2356.660258371258,2324.2430460274054,2334.0392887573985,1176008
2023-03-06,2351.880859375,2365.131691713863,2343.1258451511085,2349.1359054591003,1214503
2023-03-08,2352.1171875,2367.5447555060214,2335.1749153378546,2353.9154220908404,1448340
2023-03-09,2329.685546875,2358.6008024348293,2325.426350735862,2351.8808760610077,1038910
2023-03-10,2333.5185546875,2338.2983648138043,2314.2576645034133,2318.895362798551,772024
2023-03-13,2323.722412109375,2355.3350138572746,2314.162792397443,2334.0390372401203,1314549
2023-03-14,2311.74951171875,2339.71827763631,2309.19404039773,2330.2533978724096,1250763
2023-03-15,2277.3447265625,2327.8870901657224,2264.945642108792,2320.693689385896,1738040
2023-03-16,2327.745361328125,2337.1628707375603,2278.9064879697203,2295.186035397131,1628035
2023-03-17,2316.434326171875,2350.318638214497,2309.24115698828,2339.386657074509,2127178
2023-03-20,2376.820068359375,2381.9783805482734,2295.232867889217,2316.434101743602,1561128
2023-03-21,2330.8212890625,2388.2256900843777,2327.177218069935,2380.4171645941583,1595161
2023-03-22,2343.83544921875,2348.615028345868,2323.0598545484304,2340.2861195246614,1063244
2023-03-23,2352.1171875,2366.2671354786817,2334.0391760659477,2342.557567219473,1578627
2023-03-24,2348.04736328125,2364.2321686543496,2337.82524715941,2339.907474443672,1449326
2023-03-27,2365.2734375,2370.952365321128,2332.146358543417,2352.022605917367,1387736
2023-03-28,2349.9404296875,2378.9975647887627,2339.623571942456,2375.495605438165,1412387
2023-03-29,2395.4189453125,2403.8899656295807,2347.3373147574616,2352.0223835517227,2613254
2023-03-31,2423.340576171875,2431.0069901140273,2381.8843567038157,2421.8734735972384,2146167
2023-04-03,2400.387939453125,2432.473785279864,2380.464323907104,2432.473785279864,918048
2023-04-05,2444.54150390625,2450.031179672404,2368.112609727398,2378.050732190283,1489612
2023-04-06,2427.978271484375,2446.6714089414713,2416.3837938211127,2437.2065292163593,797414
2023-04-10,2396.649169921875,2431.4799697869917,2389.8818740752467,2427.9780108798127,853322
2023-04-11,2411.41455078125,2418.27658806637,2397.4538542356613,2404.0792695454325,913184
2023-04-12,2393.620361328125,2419.222903450367,2383.871490423721,2419.222903450367,1109809
2023-04-13,2400.482666015625,2425.233464279976,2389.8820473081432,2389.8820473081432,1261711
2023-04-17,2415.29541015625,2440.992466020651,2405.404426043704,2435.3135382206806,1566977
2023-04-18,2405.073486328125,2423.0093885161623,2394.6147472444886,2423.0093885161623,1474786
2023-04-19,2396.129150390625,2411.651461400883,2375.9215388467683,2411.651461400883,1320243
2023-04-20,2359.21630859375,2396.8863497631637,2347.2904662139595,2383.067762277137,1401364
2023-04-21,2364.279541015625,2375.2115231112857,2352.6376929537028,2358.647983898515,1206288
2023-04-24,2365.983154296875,2370.8574746055406,2342.6523197332685,2368.112752095522,1735797
2023-04-25,2357.1806640625,2365.9830474479513,2345.444306932658,2357.55939785529,1701098
2023-04-26,2376.442138671875,2383.2568061198904,2349.372489190163,2356.7551418739185,1245903
2023-04-27,2336.831298828125,2387.0425290910475,2325.5208144237527,2379.4232551362525,2743893
2023-04-28,2325.804931640625,2335.7430553117138,2289.554396225135,2305.692062306279,3761927
2023-05-02,2320.50439453125,2345.397073120602,2318.895411277431,2339.5288942134157,1760370
2023-05-03,2352.96923828125,2356.755190394333,2321.403770107947,2325.473714844747,1258140
2023-05-04,2372.608642578125,2375.0696036515333,2347.4319709544525,2353.8681351589257,1150227
2023-05-05,2366.9296875,2385.1495801259625,2361.2033893166094,2366.219821553534,1354871
2023-05-08,2381.6474609375,2391.632954128573,2363.5220796768936,2371.661967746427,972810
2023-05-09,2381.17431640625,2389.881958912603,2366.2671319100623,2389.881958912603,1651327
2023-05-10,2387.705078125,2399.3469259929784,2371.75689499437,2386.0960948435104,2025658
2023-05-11,2453.67529296875,2459.9222059298563,2388.5571062375384,2401.1925818470027,1749356
2023-05-12,2483.01611328125,2498.7279038952875,2447.9960631130207,2455.1894631455966,2170011
2023-05-15,2519.78759765625,2527.8327453997294,2482.685315454495,2496.787893774364,1561055
2023-05-16,2532.707275390625,2535.073495510791,2508.76131263549,2527.123088337506,1477905
2023-05-17,2519.31396484375,2530.9084406845823,2505.4006400499766,2529.0154650370996,839404
2023-05-18,2486.944580078125,2526.36571268063,2481.5496447162177,2522.863753310702,1434067
2023-05-19,2500.1005859375,2507.246616279918,2461.483830796552,2487.985493784788,1174757
2023-05-22,2496.93017578125,2513.3516045310676,2482.685484649434,2493.9959704443727,768232
2023-05-23,2487.654296875,2508.0037875682942,2484.530840460333,2491.1562560348934,703864
2023-05-24,2475.0185546875,2496.835147586533,2468.440509820196,2479.7983649267308,628872
2023-05-25,2458.265625,2485.6190320642017,2442.459323756377,2470.3333453652904,1072231
2023-05-26,2510.417724609375,2514.5348090676935,2463.8031871671783,2464.4183119821328,947073
2023-05-29,2508.476806640625,2536.1615763808218,2503.5077454052052,2527.122571156402,698267
2023-05-30,2514.392333984375,2522.3901100693683,2508.997399476377,2513.398475530659,948051
2023-05-31,2524.803955078125,2536.58768373697,2496.835190185868,2514.3925877195034,3388305
2023-06-01,2553.529541015625,2585.0950040215016,2512.452059743735,2524.2831581603095,1541080
2023-06-02,2571.323486328125,2591.672975027533,2547.6139195584715,2564.9820639719082,1509260
2023-06-05,2551.542236328125,2576.3401741550915,2540.515513175117,2571.0871198698524,1000190
2023-06-06,2547.140869140625,2562.9945417736317,2527.2646228544672,2555.5173796488234,655372
2023-06-07,2570.8505859375,2581.072702260696,2535.9726427796395,2546.0526472611928,1428490
2023-06-08,2536.492919921875,2575.914280987985,2531.7604802555584,2562.1428353437727,923536
2023-06-09,2495.13134765625,2545.058584219,2479.893031161459,2545.058584219,1413808
2023-06-12,2501.993408203125,2514.8183655410803,2492.1026558034114,2503.4605106722456,775484
2023-06-13,2532.707275390625,2552.678265635301,2486.8973462946806,2488.8850636260936,1787924
2023-06-14,2554.334228515625,2557.5050554214995,2510.0859190452757,2528.069189204348,1536248
2023-06-15,2545.7685546875,2572.0809655177795,2534.8365728138583,2568.720887130483,1830192
2023-06-16,2570.330078125,2578.2333454580303,2539.6165883416616,2545.7687604214993,1748145
2023-06-19,2560.406005859375,2587.2671552212655,2552.5337056457015,2578.297597254088,1068263
2023-06-20,2553.583251953125,2557.686203575258,2526.86514409262,2547.7624281267213,1129279
2023-06-21,2554.060791015625,2582.9258945459865,2546.2837721045807,2562.9825923287567,1201840
2023-06-22,2532.829345703125,2555.396514492259,2527.437872726074,2546.474480526261,830052
2023-06-23,2520.6630859375,2538.7454756382135,2507.160757581509,2529.918956603175,991214
2023-06-26,2530.682373046875,2551.77045708576,2521.1877148671288,2521.1877148671288,758700
2023-06-27,2529.966552734375,2539.747289419602,2515.3192099764915,2530.6822163942697,687747
2023-06-28,2539.4130859375,2564.556827714489,2521.044386302254,2531.493028592996,1397573
2023-06-30,2555.53955078125,2562.93474232793,2529.9666876744527,2543.898134552068,1160181
2023-07-03,2577.391357421875,2581.971651804121,2537.6957833936767,2563.984543861839,980665
2023-07-04,2576.388916015625,2582.7821308071307,2552.5334630895545,2577.3908916312016,721907
2023-07-05,2629.68212890625,2633.0694168998043,2572.6675955919104,2576.341195617382,1717547
2023-07-06,2630.875244140625,2638.41347517002,2610.407076199385,2633.5468688839683,1265020
2023-07-07,2574.576171875,2642.850296475034,2567.801129592601,2627.0581719224147,1178930
2023-07-10,2534.92822265625,2587.2194228309404,2529.632265436193,2585.8356201701768,1518183
2023-07-11,2561.598876953125,2592.372415333359,2524.861474545714,2535.453390243356,2476367
2023-07-12,2551.245361328125,2581.112437160341,2521.521558001949,2581.112437160341,2395826
2023-07-13,2533.1630859375,2564.413732937298,2529.8233221359947,2562.028187364794,1495067
2023-07-14,2554.3466796875,2563.5072678557194,2529.680278287794,2533.449393693257,1419016
2023-07-17,2558.927001953125,2579.4426940677295,2547.7626951625157,2547.7626951625157,912701
2023-07-18,2559.9765625,2577.4388016680173,2554.728362545665,2562.6006624771676,1215904
2023-07-19,2549.289306640625,2573.43083950197,2539.0789860492114,2559.928745844099,1166542
2023-07-20,2579.489990234375,2591.9425826043807,2536.5024197130697,2546.855778927853,1430764
2023-07-21,2484.7841796875,2553.8219592785504,2473.333561347926,2528.678216655866,5198952
2023-07-24,2462.121337890625,2486.644697318208,2457.1116926919326,2484.784018551376,1777469
2023-07-25,2450.575439453125,2468.180952061506,2444.9934026192527,2462.0738156481693,1653775
2023-07-26,2465.031982421875,2479.8223648804947,2454.5355819673705,2461.4059065812685,1300033
2023-07-27,2452.19775390625,2464.745630150409,2436.1190839233427,2443.752829583894,2276136
2023-07-28,2466.2724609375,2475.003464310564,2447.760488019154,2452.3407819867566,966450
2023-07-31,2443.56201171875,2464.6500941483187,2437.0732813698723,2457.159621060771,2003252
2023-08-01,2434.305908203125,2455.966612659365,2428.4850845596825,2452.3405372567327,1758897
2023-08-02,2451.338623046875,2455.632604639891,2419.8971821973637,2421.8056184609263,2082908
2023-08-03,2434.4970703125,2443.800698259534,2421.042499788336,2440.8425284961268,1475310
2023-08-04,2429.43994140625,2441.7970225595154,2418.9912969705074,2434.497345300378,1359318
2023-08-07,2451.577392578125,2456.15768660504,2422.521494509924,2423.7142672792547,803823
2023-08-08,2448.380859375,2466.844841749746,2438.5523653314685,2451.577350563966,1002061
2023-08-09,2435.35546875,2451.3386224534675,2424.668272269319,2448.380686023708,1212549
2023-08-10,2420.565185546875,2434.5921460549325,2411.881939976849,2432.3498731332065,1313334
2023-08-11,2387.26318359375,2420.5175487019674,2384.591325991549,2418.9431818281623,1472199
2023-08-14,2417.130126953125,2423.7141391062746,2374.190309528014,2387.2630517958637,1060479
2023-08-16,2435.737548828125,2438.0753369006125,2408.8284083521016,2417.9889965520374,1155882
2023-08-17,2426.8154296875,2443.418733131073,2417.034693167576,2435.7374630154354,1532873
2023-08-18,2437.788818359375,2450.193654307578,2416.175870450372,2416.175870450372,1970819
2023-08-21,2445.422607421875,2457.0162649652852,2422.80768345719,2437.788862086054,977004
2023-08-22,2448.333251953125,2457.112013330394,2436.119211663105,2455.7762009551248,960025
2023-08-23,2456.20556640625,2465.222882398685,2445.1842988761878,2457.1120271633886,1136112
2023-08-24,2463.075927734375,2473.095219643803,2449.430559779322,2466.6542462734565,1143934
2023-08-25,2446.18603515625,2462.5507835787557,2434.6876596204243,2449.478041248532,802955
2023-08-28,2438.695556640625,2450.4324878127904,2422.7601583164624,2447.5698330373084,619841
2023-08-29,2410.498291015625,2441.748938080361,2406.6338935508866,2441.748938080361,958564
2023-08-30,2416.03271484375,2419.897345130354,2404.629853993885,2410.4982027140945,1227377
2023-08-31,2390.364501953125,2423.5235865317863,2377.053203801286,2416.1283950070488,3235414
2023-09-01,2390.125732421875,2399.3816021309085,2385.5454385871035,2390.3642869657338,813413
2023-09-04,2386.88134765625,2398.9045903397455,2377.911789628737,2398.9045903397455,1143301
2023-09-05,2392.27294921875,2407.9220355882544,2387.549615397008,2395.087846509409,844088
2023-09-06,2407.9697265625,2410.450787169734,2392.654477231026,2398.379786666086,1094146
2023-09-07,2392.654541015625,2406.395423804144,2385.5456615369335,2395.0878441830814,1894798
2023-09-08,2398.713623046875,2405.6317046083727,2387.02445075331,2389.36223861934,1018234
2023-09-11,2420.1357421875,2422.664327057058,2394.181055537206,2398.7135916733873,1121083
2023-09-12,2384.448486328125,2432.302440771097,2374.095124612981,2432.302440771097,3946716
2023-09-13,2391.7958984375,2394.133686652422,2377.9119757424614,2379.820412320104,1231305
2023-09-14,2386.30908203125,2398.9047165277284,2378.9616479885913,2396.042061734736,2081195
2023-09-15,2356.6328125,2376.0034899545676,2353.102251497174,2361.4994188575743,3750697
2023-09-18,2374.71484375,2378.818028280448,2349.2850239024633,2358.207056557156,1499641
2023-09-20,2353.9130859375,2366.4609611550345,2333.0633266226046,2337.500347739406,1795159
2023-09-21,2360.115478515625,2369.323590181349,2331.059350412711,2353.1018821535267,2223720
2023-09-22,2368.798828125,2376.003221836102,2345.4682406719435,2355.010422285743,1176741
2023-09-25,2362.501220703125,2385.259184966629,2347.3767690666537,2368.7989210371984,1122778
2023-09-26,2365.458984375,2375.048923164469,2348.5693700837887,2360.735651228966,1263548
2023-09-27,2387.215576171875,2390.1259885114714,2355.9649275780394,2362.64445552176,1086791
2023-09-28,2347.7109375,2386.499815729826,2340.888137313114,2385.5455974908296,1612346
2023-09-29,2352.720458984375,2359.5907833495717,2338.3116711512257,2352.67270148226,1249567
2023-10-03,2355.869384765625,2384.591447770082,2349.0945748521476,2376.0034833723507,1585626
2023-10-04,2393.0361328125,2396.0895843663584,2352.290830548836,2354.103984851398,1587335
2023-10-05,2404.20068359375,2409.2103295004617,2381.1086481021675,2402.7215986857464,1909928
2023-10-06,2384.97314453125,2404.6301348507286,2379.820458856237,2404.5823773426637,1083342
2023-10-09,2396.328125,2401.290012866647,2367.41526800006,2371.232140661084,1468771
2023-10-10,2401.003662109375,2405.440916284318,2388.742098661599,2397.1867895098962,1092373
2023-10-11,2439.36328125,2446.5676751580454,2401.0515142086524,2403.0554655876986,1697398
2023-10-12,2439.93603515625,2450.003084162273,2422.950903923054,2438.0275986797883,1625010
2023-10-13,2451.816162109375,2458.7342447780748,2426.2908226076215,2436.167075189008,1531977
2023-10-16,2441.176513671875,2463.7914388455088,2435.737516422029,2442.7986380497687,954899
2023-10-17,2439.125,2452.3410165625755,2429.8691291371815,2441.1767091109923,1253538
2023-10-18,2431.58642578125,2453.5334434572896,2423.2847743834313,2452.38842825818,1084689
2023-10-19,2431.443359375,2437.4547473447547,2409.400826941182,2409.400826941182,1272343
2023-10-20,2380.91748046875,2427.1017817460606,2371.280016297584,2404.6298962420647,3608160
2023-10-23,2369.801025390625,2395.0400515265787,2366.7953310865787,2379.820317022033,922707
2023-10-25,2363.884765625,2376.003290029655,2352.1478353104817,2361.7377747002747,1435836
2023-10-26,2363.026123046875,2376.003585211726,2343.2260931701107,2348.331254299622,2650560
2023-10-27,2368.417236328125,2380.7743149372195,2351.050512366958,2354.3425184342077,1784812
2023-10-30,2365.41162109375,2377.911973852754,2349.667019340712,2357.873389803433,875135
2023-10-31,2370.278076171875,2377.9118219888537,2354.8197874851803,2357.1098180449,920414
2023-11-01,2359.06591796875,2379.772406079239,2353.8654754309146,2371.232199879601,1267131
2023-11-02,2390.353515625,2399.1966615134816,2367.7649252621927,2379.0111126786323,1595123
2023-11-03,2411.932861328125,2415.05681541772,2389.3923779852994,2400.1579574519587,1125583
2023-11-06,2400.542236328125,2420.1030879528025,2394.4867595025,2417.4597423101177,1338677
2023-11-07,2399.62939453125,2408.0400406939307,2388.863814377428,2399.1968939487215,1473411
2023-11-08,2421.641357421875,2427.072137841694,2400.830875317947,2401.1192872588317,745022
2023-11-09,2380.645263671875,2424.188425464951,2377.136916718744,2422.314099905442,1823094
2023-11-10,2390.11328125,2392.0838222948596,2369.7355354324045,2380.9336154108005,771062
2023-11-13,2382.038818359375,2390.7378755052937,2375.1662135527877,2381.1257095257197,760809
2023-11-15,2389.968994140625,2405.973392229623,2379.972434809914,2404.8678522745317,1457029
2023-11-16,2394.582763671875,2408.6166199984764,2379.3476212589244,2384.0093809981963,1420578
2023-11-17,2430.724609375,2435.242280505872,2369.3989427459933,2369.3989427459933,1756043
2023-11-20,2409.24169921875,2436.2038762493526,2403.041898056177,2436.155768476979,944231
2023-11-21,2408.087646484375,2419.381940405617,2401.118826830843,2407.8473423583914,1088806
2023-11-22,2424.09228515625,2426.3512382545014,2406.8866002136365,2410.4911628137966,816610
2023-11-23,2422.169677734375,2429.715322104033,2409.0010569157093,2409.0010569157093,1023670
2023-11-24,2417.652099609375,2422.0737901202465,2410.2026704841705,2417.5561187464655,735137
2023-11-28,2413.1826171875,2433.5603641585562,2403.041734135041,2433.5603641585562,1880641
2023-11-29,2427.120361328125,2430.5806007675874,2410.827784619846,2414.576436013944,1265214
2023-11-30,2446.8251953125,2455.4280377646614,2418.565283786909,2418.565283786909,3095684
2023-12-01,2464.222900390625,2481.81321151669,2443.412654382418,2448.6993458061406,1345599
2023-12-04,2501.3740234375,2507.237303937237,2475.1327631308727,2477.055196344955,2188039
2023-12-05,2463.838623046875,2534.72835227723,2457.1582141419476,2534.72835227723,3108717
2023-12-06,2468.068115234375,2483.4956911373406,2463.5985511777303,2470.3270684848876,1573754
2023-12-07,2420.583984375,2460.5225856827965,2401.69616985785,2452.1600472249447,3925967
2023-12-08,2424.476806640625,2435.6748867600672,2411.019773521691,2421.304744756755,1605805
2023-12-11,2406.550048828125,2431.8300944655984,2402.0804851315706,2424.4768807268692,2012243
2023-12-12,2405.68505859375,2420.3436130412797,2400.1580626545174,2403.0417127097694,1677929
2023-12-13,2414.47998046875,2419.093867268127,2401.1672708282504,2410.5872408203054,1513205
2023-12-14,2418.757568359375,2426.879801973957,2404.19499556596,2423.5636515244564,2166569
2023-12-15,2425.053466796875,2433.8006324489797,2409.770215461924,2422.266032295193,2543337
2023-12-18,2437.164794921875,2445.81574469679,2417.459853767902,2422.410025603624,1969036
2023-12-19,2461.387451171875,2467.395055289173,2436.684229975954,2436.7323377432995,1656220
2023-12-20,2458.3115234375,2473.1622733895497,2448.218748854472,2473.1622733895497,1468642
2023-12-21,2454.17822265625,2479.9388749584405,2437.6453437575988,2443.652947621355,1945695
2023-12-22,2475.709716796875,2479.6986720564782,2448.02663012791,2459.945622811475,1174984
2023-12-26,2484.5048828125,2491.137184220364,2467.4913940371575,2475.7098438144135,893776
2023-12-27,2507.1416015625,2510.6980564691835,2480.8041228009033,2485.706421910149,1073278
2023-12-28,2531.65234375,2537.6118397726373,2505.747603153392,2512.4761193952136,1635216
2023-12-29,2560.63330078125,2563.661274331084,2519.5893927061984,2531.652709789761,1305681
2024-01-01,2551.7900390625,2565.8717698748246,2535.689659307609,2560.5372049175576,526353
2024-01-02,2512.427978515625,2551.020730868022,2505.891658746745,2545.30153907226,1310629
2024-01-03,2505.459228515625,2526.654101927123,2494.8858456925855,2498.2019960981333,1008270
2024-01-04,2492.00244140625,2521.2714434435734,2487.6769661887524,2505.459475416242,1376844
2024-01-05,2518.435791015625,2527.903634441405,2494.357266422686,2494.357266422686,1150738
2024-01-08,2478.2568359375,2524.1549311245517,2466.9625402631996,2523.145606704356,1189828
2024-01-09,2479.69873046875,2488.589984759606,2471.816800626399,2482.390184107417,1017205
2024-01-10,2477.439697265625,2493.684399436957,2465.5207046868295,2479.93895442184,881278
2024-01-11,2437.83740234375,2488.589683850302,2433.6562510941385,2479.938734775504,2399600
2024-01-12,2445.335205078125,2455.908588433416,2414.432183049432,2435.2424300571656,2979841
2024-01-15,2473.402587890625,2478.7373871269424,2432.839292997883,2447.2575424625093,1391204
2024-01-16,2469.461669921875,2484.3605272761324,2457.206158227244,2473.4025171930134,1599406
2024-01-17,2463.501953125,2471.624421207969,2441.2498824973773,2450.141136129861,3047652
2024-01-18,2449.1796875,2470.3264508928573,2439.135021822793,2470.3264508928573,1273095
2024-01-19,2465.9052734375,2474.1237233073075,2433.800728938802,2465.520880619284,1323064
2024-01-23,2283.418212890625,2384.2978512994473,2273.709831056434,2355.9419607074965,4369332
2024-01-24,2346.954833984375,2351.0400052592818,2275.344184577186,2295.3856481123184,1551469
2024-01-25,2334.12255859375,2372.2828146337984,2326.3366094581024,2359.5948011333753,2364765
2024-01-29,2349.59814453125,2354.019835477737,2316.5323819932,2316.5323819932,1587091
2024-01-30,2363.29541015625,2397.803231432302,2352.385741116403,2358.8258462479507,1793711
2024-01-31,2385.307373046875,2389.488524931115,2347.050901063896,2354.9809389194415,1445004
2024-02-01,2377.66552734375,2414.143651172756,2372.61914008399,2379.1073522751103,1727534
2024-02-02,2357.47998046875,2390.4495228584947,2347.2909904089747,2380.933572171593,1956115
2024-02-05,2325.66357421875,2369.158625565474,2319.1753621394046,2368.4377131122133,1315445
2024-02-06,2332.248046875,2346.666296218703,2324.2699019704123,2330.902202799705,1557511
2024-02-07,2331.3828125,2345.272345774969,2318.021995302354,2345.272345774969,1149076
2024-02-08,2323.308837890625,2347.0989508697385,2305.958829773469,2347.0989508697385,1758661
2024-02-09,2330.13330078125,2334.266579403876,2312.7835275950797,2323.3088032155542,886474
2024-02-12,2293.12646484375,2335.6124295793047,2289.6181178518773,2330.085433702878,1292460
2024-02-13,2301.15283203125,2307.8332413134717,2287.7920134668066,2297.30796514398,957865
2024-02-14,2295.33740234375,2301.1528103904666,2278.083609283795,2292.501859975465,1397975
2024-02-15,2259.676025390625,2292.213064876257,2255.7349436581803,2276.4973150525057,2553695
2024-02-16,2283.1298828125,2289.618095299179,2266.1645025494804,2278.0353875552187,2363302
2024-02-19,2294.568115234375,2302.0656516566646,2281.7360144140926,2296.8270681155595,576683
2024-02-20,2310.861083984375,2315.042235684377,2276.3532648212054,2278.179717292503,1032995
2024-02-21,2313.74462890625,2328.835682964777,2301.2488127974525,2310.8609790349888,1127778
2024-02-22,2295.4814453125,2326.432572749557,2273.9981605367925,2326.432572749557,2258516
2024-02-23,2301.2490234375,2312.2068000824784,2291.492533010144,2295.914223752952,1210775
2024-02-26,2311.005126953125,2313.2159721788876,2287.6956232290477,2298.365221895274,831596
2024-02-27,2312.014404296875,2315.52275112335,2296.4906149378007,2310.8128835108178,1120424
2024-02-28,2327.63427734375,2330.9504279253597,2307.8812278139335,2317.5896100629743,629152
2024-02-29,2318.742919921875,2334.6029942925143,2304.276562728189,2330.950324169719,2848084
2024-03-01,2316.243896484375,2344.2153970650215,2310.765008083479,2323.212717744194,2326244
2024-03-04,2328.066650390625,2333.737734571899,2311.1491440334266,2322.491547068001,1501261
2024-03-05,2306.77587890625,2326.1443005982023,2298.365233191277,2311.726050801106,1587199
2024-03-06,2307.68896484375,2315.4268057589834,2283.1779404324334,2310.7648111688027,1354111
2024-03-07,2325.7119140625,2331.911714844805,2309.803730738692,2311.678056369801,1820704
2024-03-11,2297.163818359375,2319.415891037393,2291.1081062307944,2315.571024247443,2040761
2024-03-12,2285.91748046875,2292.501908960792,2269.240510948934,2287.6958252942077,1012157
2024-03-13,2222.909912109375,2282.8897424203556,2214.4992656899317,2282.8897424203556,2322669
2024-03-14,2244.056640625,2250.881138510183,2212.5767931537994,2215.460443303833,2292515
2024-03-15,2237.424072265625,2246.315326766892,2226.0816682377067,2239.6830253861167,2751403
2024-03-18,2210.750244140625,2234.8287687773436,2207.914701884541,2230.791705677831,2487402
2024-03-19,2179.030029296875,2214.546937441648,2159.709715510338,2194.6979075652634,4220638
2024-03-20,2154.999755859375,2177.588348542376,2153.1254302094503,2162.7375973086,2995013
2024-03-21,2155.38427734375,2171.5325295385032,2147.358024341876,2147.358024341876,3504486
2024-03-22,2169.03369140625,2178.117142705983,2145.483881169579,2152.2123983800566,3507809
2024-03-26,2153.12548828125,2171.5326949037612,2145.435754394531,2145.531969936937,3027027
2024-03-27,2152.8369140625,2175.233309253919,2149.2804593423607,2162.7374926298353,2168861
2024-03-28,2176.531005859375,2199.1674701311017,2153.2215021979396,2157.9313698937053,3186360
2024-04-01,2197.2451171875,2205.992282853251,2174.2721323808514,2181.961865828706,1427873
2024-04-02,2198.01416015625,2208.8759556978766,2188.738512957842,2208.8759556978766,1221495
2024-04-03,2177.34765625,2193.352052420509,2173.3587014837085,2193.352052420509,1175309
2024-04-04,2177.107666015625,2193.496457295735,2162.0166111185067,2181.961857169728,1890255
2024-04-05,2179.030029296875,2192.0545617880575,2170.523402780724,2177.1075960043618,1153449
2024-04-08,2180.95263671875,2200.1769711787706,2179.2705074534983,2188.6904782733186,1127294
2024-04-09,2176.338623046875,2186.3835249561675,2168.2644969116745,2182.9230510856314,1189343
2024-04-10,2173.214599609375,2188.5940657934834,2170.1387533069596,2188.5940657934834,2308993
2024-04-12,2145.72412109375,2177.011772119853,2142.1676661805636,2173.2147783557252,3388551
2024-04-15,2108.957275390625,2141.3502270656313,2105.064301323637,2141.302119302431,4909564
2024-04-16,2134.670166015625,2144.714833933699,2087.810850316233,2098.336126600455,2821129
2024-04-18,2128.902587890625,2150.9143543197647,2123.375592400965,2129.142892042349,3392171
2024-04-19,2145.05126953125,2156.7299585017845,2110.831861334783,2133.901062005108,2337694
2024-04-22,2154.567138671875,2166.149846333918,2142.600038215488,2162.7374802639833,1804108
2024-04-23,2174.9931640625,2185.326243949218,2161.4880220203318,2165.62130090943,1991778
2024-04-24,2172.590087890625,2180.3760371789404,2158.556229932344,2178.165191792081,1404398
2024-04-25,2144.330322265625,2152.981272376825,2129.1911595710244,2151.251035420177,4951866
2024-04-26,2136.4482421875,2167.543696851507,2132.5555022212607,2157.931529681434,2307512
2024-04-29,2139.764404296875,2147.357921699967,2133.900889066216,2147.357921699967,1395292
2024-04-30,2143.94580078125,2153.3657716357725,2138.7072165560066,2145.4838414125384,2119102
2024-05-02,2139.956787109375,2156.2012554778817,2119.530932225164,2119.530932225164,2140383
2024-05-03,2131.0654296875,2148.9439186486993,2118.521505418379,2145.4355717304093,2595307
2024-05-06,2168.697021484375,2173.7915168110444,2126.211291260681,2138.7071080718874,1619256
2024-05-07,2287.11865234375,2296.9232492649267,2171.3882691830577,2178.1167852894237,8277810
2024-05-08,2250.25634765625,2280.246261031328,2234.8287730626357,2274.623049604483,1813439
2024-05-09,2235.45361328125,2270.490151125583,2229.4941164389406,2249.8239912546965,1558987
2024-05-10,2270.92236328125,2279.0445967528176,2230.983765948245,2230.983765948245,2610266
2024-05-13,2269.095947265625,2289.2814965269827,2256.840435214087,2281.928283164871,1170617
2024-05-14,2258.474609375,2280.294179184719,2255.735048205718,2269.0479919382315,689430
2024-05-15,2233.19482421875,2264.4343672229857,2227.763809016323,2258.4267627990944,812282
2024-05-16,2252.274658203125,2257.032868270841,2212.095990708857,2246.363269783034,1880021
2024-05-17,2230.359130859375,2260.6853282003162,2225.3127434849703,2260.6853282003162,1264582
2024-05-21,2221.08349609375,2234.63674613027,2212.480653120297,2217.527041055078,1663959
2024-05-22,2275.103515625,2281.92824747066,2221.0831887144805,2221.3716006338227,1914851
2024-05-23,2290.0986328125,2294.2319112772707,2263.665175350866,2275.103559438179,1614718
2024-05-24,2277.17041015625,2290.819640002725,2272.9890237524455,2286.253860797852,974100
2024-05-27,2292.021240234375,2306.8719914386197,2270.8744726582977,2277.1704890301303,1116934
2024-05-28,2303.027099609375,2315.571024447078,2286.3020229404683,2297.30790719324,1631747
2024-05-29,2281.3515625,2302.1139365481226,2277.5066958001285,2288.8490994991575,1592495
2024-05-30,2260.20458984375,2280.4382459438207,2243.527622854832,2276.160879064105,1837380
2024-05-31,2238.7216796875,2285.2444715554675,2227.7157960085565,2261.74277145962,5529186
2024-06-03,2264.530029296875,2294.8564590938263,2253.3800578590203,2288.6566591355686,1207445
2024-06-04,2399.485107421875,2412.701836012871,2251.2655508121684,2281.9282672744675,7826048
2024-06-05,2501.806640625,2618.306051895857,2427.072045942993,2435.2904952507906,11061076
2024-06-06,2450.718017578125,2499.1632419376433,2420.343478153456,2499.1632419376433,4102547
2024-06-07,2477.82421875,2495.7989223831146,2427.07193491907,2456.1968450725035,3974253
2024-06-10,2465.857421875,2493.0596674827398,2447.257784358365,2478.9779363158773,1449122
2024-06-11,2457.206298828125,2476.766917025401,2452.352107768287,2466.4819457138465,1402423
2024-06-12,2430.628662109375,2468.4045259716218,2419.3824734698487,2468.4045259716218,1754677
2024-06-13,2390.93017578125,2408.6167027553947,2351.568401318949,2391.4588918675045,3123098
2024-06-14,2406.79931640625,2436.5475426423045,2397.724285194477,2400.2478917119292,1729552
2024-06-18,2413.10791015625,2424.512241154475,2400.3931995365956,2406.944623727065,1820933
2024-06-19,2384.718505859375,2421.600599153089,2379.380308145811,2421.600599153089,986976
2024-06-20,2409.17724609375,2416.7478288529137,2374.6730278925506,2384.7186407596823,2163310
2024-06-21,2369.48046875,2405.1007594830376,2355.1643928006965,2402.189015222162,3646215
2024-06-24,2370.35400390625,2395.2495606319985,2355.6497895105103,2363.3658647573675,1945519
2024-06-25,2360.648193359375,2374.7216246112826,2356.474645665412,2367.5879930137835,833789
2024-06-26,2373.654296875,2394.424646941484,2360.8424310457776,2365.3072008903105,1738656
2024-06-27,2389.717041015625,2410.147828089514,2364.3364306830586,2377.8759946247305,3402726
2024-06-28,2400.29638671875,2417.232984813931,2390.396503797189,2390.5419962243377,2129791
2024-07-01,2431.403564453125,2448.776876762152,2378.0215873536727,2388.6494063118025,3312865
2024-07-02,2412.040283203125,2441.0122329179167,2406.411100622321,2441.0122329179167,1305210
2024-07-03,2436.499267578125,2445.71979146585,2401.5097584861905,2413.496297365214,1406405
2024-07-04,2422.522705078125,2462.2196282687923,2419.5623842855302,2441.060905421345,1977010
2024-07-05,2472.07080078125,2478.86487051249,2422.522573421036,2422.522573421036,1754286
2024-07-08,2511.039794921875,2518.6589543648624,2461.6372921032303,2484.6886023792094,2818809
2024-07-09,2513.951416015625,2537.099878087564,2492.453131954424,2511.039671702594,1479529
2024-07-10,2533.654296875,2548.746885802939,2497.3060689912268,2505.0707205854474,1764036
2024-07-11,2532.1015625,2540.060283161406,2513.854583474437,2540.0117066962384,1432671
2024-07-12,2545.10693359375,2561.8494618059694,2524.482079998987,2524.482079998987,1912642
2024-07-15,2543.214599609375,2551.9012561227323,2536.760090845706,2550.688029320354,920101
2024-07-16,2609.35986328125,2644.834665544728,2547.3397983844893,2548.6985177412334,3298003
2024-07-18,2657.840087890625,2670.2635775618123,2576.8936915714958,2620.5698558354193,5569762
2024-07-19,2646.775390625,2662.3046925135222,2636.050419116571,2658.4223670413917,1668862
2024-07-22,2654.831298828125,2669.050221276368,2626.0534187066073,2626.101995167326,1911629
2024-07-23,2684.96826171875,2728.595853311204,2651.6286919831223,2665.2168331572675,3906259
2024-07-24,2637.1181640625,2676.3295567061523,2596.402322900649,2667.1576101328446,3611927
2024-07-25,2627.557861328125,2644.688764839163,2591.452281427988,2637.118182692761,2166670
2024-07-26,2631.294921875,2646.7756488135715,2608.1950356707994,2643.863904425438,2135309
2024-07-29,2631.828857421875,2639.981647137038,2613.581878057342,2631.440482651685,957011
2024-07-30,2612.22265625,2673.3209442701027,2606.399167914487,2635.7109154365803,1560399
2024-07-31,2626.053466796875,2629.9357923919524,2596.3538181695435,2625.4226836710145,1751085
2024-08-01,2635.66259765625,2644.785968827308,2615.9111696630976,2634.1581489635837,1886392
2024-08-02,2613.3388671875,2678.3192413238753,2602.274097597715,2632.216627095615,1738872
2024-08-05,2636.001953125,2661.334222675603,2587.764104503914,2597.227273238811,3118731
2024-08-06,2669.1474609375,2690.20903019787,2628.96524828348,2640.0785950237046,2296031
2024-08-07,2663.323974609375,2700.0119994244997,2655.025456133828,2699.8662700374903,1713875
2024-08-08,2652.79296875,2678.0766609794014,2640.369479749004,2672.9811087568255,1464161
2024-08-09,2666.38134765625,2676.8636748479075,2638.622859990569,2674.9225119219846,1284031
2024-08-12,2667.837158203125,2682.1046579872973,2642.3108189254185,2657.451984181087,1297178
2024-08-13,2660.751708984375,2676.5236564605643,2649.784328921455,2661.334152597603,1051237
2024-08-14,2641.971435546875,2661.8683564179764,2626.9759986722806,2660.363907692145,946995
2024-08-16,2667.400390625,2672.593096011396,2630.9550108698363,2657.3547781329457,1727926
2024-08-19,2661.8681640625,2678.562117366071,2656.5299661657655,2669.1475248307747,1130327
2024-08-20,2670.1181640625,2675.165140246076,2654.588860754042,2661.8682216798816,1097889
2024-08-21,2709.0869140625,2712.8723239179676,2662.2563587851414,2668.613714717056,1417729
2024-08-22,2710.6396484375,2727.333600307501,2700.2544753582456,2720.490954381254,1552947
2024-08-23,2732.76904296875,2738.010087665523,2689.820816673394,2716.8513660763674,2111401
2024-08-26,2738.15576171875,2751.549833114722,2721.1222468451892,2732.7692242402322,1152244
2024-08-27,2685.501708984375,2741.019157279429,2678.368077529086,2726.3632826569533,1357212
2024-08-28,2683.027099609375,2699.9151231482238,2664.9741886885004,2678.804975245474,1723549
2024-08-29,2703.31201171875,2727.333902856005,2664.246107950083,2688.462067987683,2129934
2024-08-30,2696.275390625,2733.448709240914,2678.902076663861,2713.4546356789924,4029712
2024-09-02,2707.000244140625,2726.2661437739175,2697.245853163385,2711.804574932889,957950
2024-09-03,2712.095947265625,2744.755920130973,2693.363676824325,2698.2165843501343,2022116
2024-09-04,2757.66455078125,2760.188157340057,2690.111986931693,2698.216436840079,1640986
2024-09-05,2754.947021484375,2771.0101927605288,2740.5823678395104,2756.500046673475,1945173
2024-09-06,2755.43212890625,2782.123118479223,2744.9014624679285,2744.9014624679285,1672730
2024-09-09,2835.8447265625,2851.7621664284884,2759.5569352281223,2769.1658330755886,3342754
2024-09-10,2813.327392578125,2851.180067874474,2802.553844056592,2847.6858799868537,1536584
2024-09-11,2818.714111328125,2863.2153669847785,2812.8422829388005,2825.9451329233075,1913665
2024-09-12,2869.427001953125,2876.221072335061,2809.0568810938826,2825.3626974022027,2454564
2024-09-13,2846.666748046875,2869.426835111309,2832.641893822737,2869.426835111309,1902001
2024-09-16,2782.754150390625,2824.3919995176966,2724.810248668883,2824.3919995176966,1489057
2024-09-17,2788.9658203125,2828.177216442892,2775.9601235551504,2782.7541937629762,1098661
2024-09-18,2791.24658203125,2808.4258252229865,2777.512713203406,2789.4509116784593,464796
2024-09-19,2826.090576171875,2847.9772355641235,2788.8203427591193,2791.6349342197495,1713010
2024-09-20,2890.003173828125,2901.4075048930017,2810.2211958756775,2838.756430247054,3641632
2024-09-23,2939.454345703125,2945.7145483400527,2882.5781808925276,2892.332571352012,1300470
2024-09-24,2863.7490234375,2931.15585489431,2859.429983559541,2931.15585489431,1929308
2024-09-25,2862.196044921875,2873.260815338254,2819.636191624619,2863.749069984707,1055354
2024-09-26,2898.25341796875,2904.8048428813454,2854.674167856613,2864.2830665701063,1902889
2024-09-27,2878.9873046875,2940.8618738147916,2865.884454754662,2898.253441779502,2977081
2024-09-30,2871.271240234375,2909.706124674832,2856.0331583870834,2876.9975761841415,1627702
2024-10-01,2837.737548828125,2875.541649372102,2806.339143756762,2875.541649372102,1184642
2024-10-03,2808.23193359375,2837.106731735907,2776.9306818262016,2823.1787931428157,1233447
2024-10-04,2764.94384765625,2828.2742859395566,2734.176463728675,2805.9509130580846,2456486
2024-10-07,2750.04541015625,2782.1231747563133,2741.9411971515387,2761.3042498599384,1280975
2024-10-08,2735.875,2801.098025126875,2716.3662183472698,2760.333604802783,1761488
2024-10-09,2687.4912109375,2742.7174325285027,2679.4839147128605,2740.339318628453,1476282
2024-10-10,2673.660400390625,2705.3983631788246,2652.7929013426997,2688.5103424536064,2065078
2024-10-11,2701.322265625,2707.922266928901,2656.5300261363855,2683.463661587022,679307
2024-10-14,2707.048828125,2722.1897566323278,2683.657720300339,2709.475281759991,874010
2024-10-15,2699.623779296875,2716.9487533001934,2683.9004068922713,2710.9311955846492,1082666
2024-10-16,2699.4296875,2715.2502127006615,2674.5343678170534,2707.09718625598,1170797
2024-10-17,2658.082763671875,2700.1575638443824,2643.3299731877614,2697.68253378276,1368242
2024-10-18,2637.1669921875,2659.3932129429836,2614.212598375217,2658.0828331824578,1137277
2024-10-21,2614.309814453125,2657.4521142040253,2601.595102176689,2635.128739979521,792345
2024-10-22,2602.808349609375,2630.2758533291735,2595.092274110287,2606.1084688697565,1272253
2024-10-23,2581.067138671875,2613.824260595203,2543.893824030917,2543.893824030917,1431962
2024-10-24,2431.403564453125,2569.128970586372,2380.448040858193,2569.128970586372,9216267
2024-10-25,2453.678466796875,2465.276867660535,2426.5507628298415,2428.6859946148834,2761166
2024-10-28,2500.023681640625,2513.4177526958706,2445.9623436655493,2469.159144937238,852829
2024-10-29,2472.70166015625,2509.632330583052,2461.394481395327,2509.632330583052,1695654
2024-10-30,2479.787109375,2487.891559530861,2458.871031051871,2481.776848804237,1200637
2024-10-31,2453.87255859375,2488.0855548126483,2449.8447403470686,2479.7870359976687,1901355
2024-11-01,2462.8505859375,2471.0519523196854,2437.4699741899085,2469.1107892962864,118532
2024-11-04,2450.524169921875,2472.0710314022585,2429.8507369907948,2472.0710314022585,1097260
2024-11-05,2447.17578125,2455.8138618923354,2433.2478418196165,2445.865401430169,702046
2024-11-06,2455.374267578125,2476.386532154494,2449.777629154025,2469.611452196455,1219166
2024-11-07,2430.630859375,2464.407253718044,2421.401332931118,2455.374054274254,1322446
2024-11-08,2462.247314453125,2469.6605169147483,2422.579669604473,2438.927788649835,1700877
2024-11-11,2445.899169921875,2469.316739128912,2430.189173754933,2463.5237739285594,1175577
2024-11-12,2416.884765625,2451.692178555918,2411.484454346943,2449.7775706822567,1624222
2024-11-13,2420.272216796875,2427.980029788182,2405.985890652603,2417.4740174733843,1262017
2024-11-14,2345.89501953125,2420.026560463074,2340.4947086024417,2415.804451248359,2443393
2024-11-18,2378.984130859375,2381.046163629545,2332.688834326965,2357.628355989708,1374215
2024-11-19,2366.661865234375,2395.970682267616,2361.507022871615,2387.8210740176746,1133370
2024-11-21,2339.611083984375,2380.8006797217895,2333.032571434998,2380.8006797217895,1291829
2024-11-22,2400.92919921875,2407.6551370493976,2334.7509378705845,2347.613353088314,1696471
2024-11-25,2426.654296875,2460.2835069783887,2413.0554754508216,2425.2306264341637,4368045
2024-11-26,2434.263916015625,2449.7284438602323,2415.80462213737,2441.186181184411,982442
2024-11-27,2441.82421875,2447.7646089278323,2413.4481343744396,2430.2871904428803,948232
2024-11-28,2417.572021484375,2493.1272374282194,2408.735148515141,2440.940689057231,2540530
2024-11-29,2450.906494140625,2462.050868133835,2410.600728530422,2410.600728530422,1795164
2024-12-02,2434.214599609375,2445.358973491614,2415.9518737711646,2439.9586625684246,1006993
2024-12-03,2437.847900390625,2446.291879693493,2421.3032144140357,2435.0494613734018,1641588
2024-12-04,2419.830322265625,2447.8137526509245,2412.024465943355,2436.12953900783,1321495
2024-12-05,2449.385009765625,2469.4151601085237,2405.642438807475,2420.9106401262025,2071795
2024-12-06,2438.780517578125,2450.5630144118554,2430.1399719569536,2449.7774666798377,1308086
2024-12-09,2357.23583984375,2432.054648922866,2340.1021731538126,2420.3212934353196,3385021
2024-12-10,2353.897705078125,2369.2639501866993,2345.0116899782884,2365.0418405006158,2063838
2024-12-11,2357.824951171875,2365.6799489199275,2341.77120363809,2361.4086980082207,1718225
2024-12-12,2302.447265625,2356.450379655681,2295.6232837042285,2341.82054101358,3231056
2024-12-13,2346.77880859375,2351.148103051197,2291.1554631934337,2302.4470222060845,2260902
2024-12-16,2323.2626953125,2349.6261265509324,2320.1698859339126,2346.9751128385005,1247552
2024-12-17,2320.41552734375,2336.861929579234,2310.6950631027157,2310.6950631027157,2131569
2024-12-18,2316.438720703125,2339.807386268207,2307.454663175832,2307.454663175832,988403
2024-12-19,2317.077392578125,2343.686056401983,2293.6595822074737,2304.4602052401287,1655915
2024-12-20,2291.597412109375,2330.479748587135,2282.515070557055,2309.467724557705,2069691
2024-12-23,2296.5068359375,2309.124022795506,2273.285593186901,2294.641369734494,1066199
2024-12-24,2293.217529296875,2314.229552226785,2288.848234775878,2288.848234775878,683646
2024-12-26,2290.46826171875,2299.403417590653,2282.564122249837,2289.9773243568984,1033769
2024-12-27,2298.814208984375,2303.134361905232,2286.049837508968,2300.5324897599107,556816
2024-12-30,2301.0234375,2316.389681190017,2282.8587549338595,2299.05968803339,924180
2024-12-31,2284.67529296875,2310.007469026126,2281.140448083042,2297.586849677959,1878762
2025-01-01,2280.011474609375,2294.7884979654154,2278.1949104183414,2282.8588155253287,559893
2025-01-02,2327.04296875,2336.517963432763,2273.5307992154535,2287.767981935654,1650744
2025-01-03,2362.635986328125,2370.834735922727,2321.9373281379058,2338.678339641274,1274239
2025-01-06,2333.130615234375,2375.10575867804,2318.8442903999216,2374.1730256557257,900419
2025-01-07,2347.46630859375,2358.708727057057,2332.1981075834215,2334.063573808319,922768
2025-01-08,2357.481201171875,2365.3361989267164,2325.0793354331527,2347.662453978323,953351
2025-01-09,2391.257568359375,2428.8142759463803,2343.1457076596816,2361.457814796113,2425267
2025-01-10,2397.787353515625,2411.484458748228,2370.049390991343,2391.2577424018345,1651911
2025-01-13,2406.5751953125,2415.903006147045,2365.3855943599074,2373.2405929574184,2595013
2025-01-14,2325.0302734375,2423.2668904188554,2321.2501994677364,2420.3212661598373,2052741
2025-01-15,2329.989013671875,2341.6732284736895,2307.5041755449906,2330.8726051486196,1215150
2025-01-16,2302.496337890625,2336.861954874067,2283.8898589241226,2333.867188879549,2762596
2025-01-17,2311.333251953125,2336.1747320433897,2300.532629280447,2307.4057527994237,1333005
2025-01-20,2302.692626953125,2325.079419305078,2293.315675101929,2313.7387179443335,1382273
2025-01-21,2298.077880859375,2334.2109200503423,2290.173741080801,2310.8422527675875,1842885
2025-01-22,2300.4833984375,2319.1881603751613,2289.928244871017,2300.0907444235577,2658047
2025-01-23,2279.618408203125,2298.8632479151706,2212.9983546557087,2273.0398957567777,3408925
2025-01-24,2325.177734375,2337.647495987577,2280.895086444603,2290.5666487972244,1688664
2025-01-27,2349.47900390625,2366.023448998165,2318.353383718259,2322.1336972511494,2477358
2025-01-28,2345.551513671875,2363.3724438998315,2336.321747502455,2357.48119559763,1892156
2025-01-29,2340.740234375,2352.5718729143537,2321.151881289454,2341.9184361178313,699576
2025-01-30,2365.0908203125,2381.0462851096263,2340.7894200830306,2340.7894200830306,1419960
2025-01-31,2424.052490234375,2434.0675649870627,2357.9722699945264,2357.9722699945264,2116148
2025-02-01,2460.627197265625,2554.838028984739,2391.0121355827387,2430.139939176491,2970999
2025-02-03,2397.68896484375,2474.3243359703793,2372.7003007430244,2459.5962149229367,2528480
2025-02-04,2393.859619140625,2405.5929736608914,2359.297678237658,2405.5929736608914,1992474
2025-02-05,2347.711669921875,2408.538762766955,2343.735029239593,2408.538762766955,1357416
2025-02-06,2329.694091796875,2365.2870502684787,2317.518941198998,2356.499319499281,1132113
2025-02-07,2321.004638671875,2338.7764271667124,2293.757615357239,2336.8618194174337,855602
2025-02-10,2318.648193359375,2354.535765162653,2309.418666146116,2327.9268622556306,1326354
2025-02-11,2273.28564453125,2334.849146922713,2254.9246336026426,2328.025164964299,1389260
2025-02-12,2290.22265625,2297.4884328852386,2263.3193863135825,2283.5458605845,1341909
2025-02-13,2279.42236328125,2303.0856420040236,2271.4201794945166,2287.8665825033304,1334967
2025-02-14,2276.329345703125,2323.1155800749834,2271.4688740822953,2279.9130925334366,1135380
2025-02-17,2287.178955078125,2293.659424337889,2258.311933209394,2276.3294308235972,1409168
2025-02-18,2254.384521484375,2296.1633418095184,2246.5295231516766,2287.17904363718,1035705
2025-02-19,2209.61083984375,2263.9085614208143,2207.254436331737,2257.084579856575,1521343
2025-02-20,2207.303466796875,2213.5873689893037,2186.1440190733874,2209.61072851207,2206196
2025-02-21,2201.01953125,2212.703985102254,2186.045940674385,2207.3036737471143,1781509
2025-02-24,2200.822998046875,2210.1999493735907,2178.5836319813607,2189.5805806766357,1627949
2025-02-25,2218.349609375,2228.4629669638985,2197.3864881550335,2202.345003448744,1988040
2025-02-27,2204.259521484375,2228.5117782094676,2192.6244503210396,2228.5117782094676,1699658
2025-02-28,2150.55126953125,2208.8256344948168,2146.2311163198974,2204.3580562349134,3683249
2025-03-03,2137.39404296875,2159.1424717525438,2119.376546283704,2159.1424717525438,1306470
2025-03-04,2118.24755859375,2140.4869254884225,2097.284437084069,2140.437783808497,1800330
2025-03-05,2131.110107421875,2152.171273896323,2111.030815745448,2112.99456534149,1145673
2025-03-06,2178.73095703125,2189.3843940941274,2124.5315180663188,2135.5776091481193,1856868
2025-03-07,2164.592041015625,2186.340470972133,2149.5201676266793,2186.340470972133,1738356
2025-03-10,2207.009033203125,2226.0573080183467,2154.871386582588,2167.979510760761,1242387
2025-03-11,2176.76708984375,2221.44238913751,2171.170451941259,2199.399349846657,1325891
2025-03-12,2153.153076171875,2189.5315841563634,2145.39636141498,2177.160105947309,1526212
2025-03-13,2135.38134765625,2169.894150742321,2125.2188476629813,2145.3964226012604,1845629
2025-03-17,2131.8955078125,2155.656828338742,2117.412855542962,2121.8312918285837,1111886
2025-03-18,2131.8955078125,2131.8955078125,2131.8955078125,2131.8955078125,0
2025-03-19,2160.173583984375,2172.7416286827006,2153.6931147712576,2166.9975655294597,1341405
2025-03-20,2201.755859375,2208.1380452959766,2148.783764173998,2163.9536812276774,1426689
2025-03-21,2205.487060546875,2214.32393347734,2185.45691112403,2204.308858765917,2152415
2025-03-24,2215.3056640625,2224.9280841258274,2200.3812164721885,2209.4635575040347,1454404
2025-03-25,2230.13232421875,2250.4570850278583,2202.6889709722714,2209.9547487462705,2229340
2025-03-26,2205.241455078125,2238.576053510754,2197.239272084734,2230.8193391946506,1416907
2025-03-27,2203.965087890625,2219.920552767721,2160.124475668381,2203.5232921909783,3752627
2025-03-28,2217.90771484375,2254.3842632873084,2199.6938916027498,2206.2724040098356,2280152
2025-04-01,2193.361083984375,2243.240131281449,2179.7620223282347,2218.0551389367038,2495962
2025-04-02,2197.33740234375,2203.0323238244255,2150.3548394880845,2203.0323238244255,1351493
2025-04-03,2203.866943359375,2212.0654534146915,2180.3510918370066,2185.1130403837997,1310088
2025-04-04,2203.866943359375,2225.959124485599,2181.7256205542135,2189.580618287982,1120226
2025-04-07,2208.62890625,2220.6079696442002,2111.0306546602815,2111.0306546602815,3435185
2025-04-08,2247.7568359375,2264.399565484465,2211.525752509045,2227.186607277835,2774874
2025-04-09,2307.405517578125,2311.480201648499,2248.0020989340924,2252.3713933540657,2989089
2025-04-11,2323.2626953125,2351.442690608515,2301.8580189031986,2351.1972219367067,3836083
2025-04-15,2318.697265625,2356.4994442091893,2302.692658956642,2356.4994442091893,3042779
2025-04-16,2323.704833984375,2332.934360568433,2308.3874922964587,2308.3874922964587,1131979
2025-04-17,2331.95263671875,2336.7637273251385,2300.6309266633484,2314.377173785059,1962402
2025-04-21,2308.387451171875,2329.3994741521456,2306.2273747455256,2325.177604656988,1478430
2025-04-22,2355.22314453125,2362.390878848253,2312.4135450863487,2327.0433844016457,2352346
2025-04-23,2379.8681640625,2393.810738138083,2350.0190266157124,2366.3182440167266,2226066
2025-04-24,2283.1533203125,2442.3150676159876,2275.1019956011355,2379.867979637484,7065430
2025-04-25,2289.92822265625,2299.4523596993467,2252.8133095091957,2289.633612290894,2859858
2025-04-28,2276.574951171875,2306.4238484715047,2273.0401060926065,2302.496349368105,1555660
2025-04-29,2279.618408203125,2290.22270274414,2270.6834923989963,2285.8042666616752,1896387
2025-04-30,2299.64892578125,2309.8603271969996,2274.0218991661004,2277.949398128391,2083807
2025-05-02,2276.574951171875,2302.496349368105,2268.130732213357,2291.794010197549,1424284
2025-05-05,2306.031005859375,2312.2166246689503,2277.0657023405943,2281.9750758183536,2074103
2025-05-06,2338.629150390625,2346.778758141565,2297.7830679976596,2297.7830679976596,1888125
2025-05-07,2327.828857421875,2343.636898100996,2312.609797801949,2326.061434813229,1610400
2025-05-08,2312.216796875,2328.9086679425363,2298.5688334765755,2318.8935932451186,2323073
2025-05-09,2290.615478515625,2300.2378988832365,2260.57025538677,2287.768137663965,1805685
2025-05-12,2339.316650390625,2343.7350868761478,2303.5765044828277,2317.2244679630116,1274873
2025-05-13,2317.224365234375,2354.5356050135724,2310.1549151140503,2332.541706924671,1929665
2025-05-14,2307.896484375,2327.0430410418,2296.1139879646616,2327.0430410418,1568111
2025-05-15,2312.51123046875,2326.9447405218516,2297.586783068839,2308.976625401022,3236681
2025-05-16,2338.236328125,2343.734922362786,2306.4236835484644,2317.224305310505,1473000
2025-05-19,2339.512939453125,2361.408794513757,2331.95255175475,2331.95255175475,936655
2025-05-20,2298.667236328125,2351.19753918304,2296.1142659106454,2351.19753918304,1617408
2025-05-21,2321.053466796875,2332.6396359970754,2302.496131178057,2303.478005860862,1570754
2025-05-22,2288.45556640625,2320.268454005645,2271.174713619723,2312.3151721769136,2423653
2025-05-23,2316.438720703125,2321.642704503221,2287.3753737084476,2294.5428671730415,844118
2025-05-26,2350.706298828125,2353.8482499032,2321.250058032729,2325.07927344993,892618
2025-05-27,2337.058349609375,2365.8273291751543,2317.5191369873537,2350.706553150472,1865258
2025-05-28,2319.188232421875,2344.7169767245714,2309.3694846131457,2344.7169767245714,897517
2025-05-29,2323.802978515625,2332.9344618523432,2312.8060289954524,2326.0613384377953,1111275
2025-05-30,2305.736572265625,2331.854297340192,2301.0235254225727,2317.2244591411445,3288892
2025-06-02,2328.6142578125,2340.789408851528,2301.121764755519,2305.343634416857,1178205
2025-06-03,2309.6640625,2336.3710082209473,2300.139925202615,2322.2321074614806,1643913
2025-06-04,2321.642822265625,2324.686729845221,2299.6489239802295,2316.733448566607,3287896
2025-06-05,2333.3271484375,2336.861993557662,2306.3255917892498,2321.642934355921,1787978
2025-06-06,2346.484375,2353.0628880206928,2327.1414899600004,2330.2834412831876,997488
2025-06-09,2349.822509765625,2355.517431030935,2335.1926724620143,2350.608057477307,1293622
2025-06-10,2351.786376953125,2356.695750752591,2335.2908330438154,2350.0189544422137,1778782
2025-06-11,2333.3271484375,2359.346830298541,2328.319730852048,2351.7864423801357,1977707
2025-06-12,2290.419189453125,2344.7169112625684,2281.9752104026784,2343.6367531475557,3339584
2025-06-13,2276.967529296875,2282.760494395082,2260.2756586638234,2263.221282893185,1740682
2025-06-16,2285.215087890625,2294.248526930686,2271.1744714100378,2277.94931097458,1105297
2025-06-17,2286.3935546875,2290.8119909000766,2271.1744966219585,2277.949336261707,1119284
2025-06-18,2255.660888671875,2289.1426734843863,2244.0747187940665,2285.5097848886408,2056563
2025-06-19,2252.616943359375,2265.9705354890243,2248.7877278228257,2258.410148058999,1214549
2025-06-20,2264.399658203125,2271.0764549112105,2250.849737766385,2253.402708180384,2685864
2025-06-23,2257.35498046875,2268.169866753373,2241.082750343553,2265.590049100476,842856
2025-06-24,2245.44873046875,2283.053027199062,2242.6705210148793,2277.099825042089,2440747
2025-06-25,2260.9267578125,2272.6347697099336,2253.683647230803,2261.2244663474958,1047270
2025-06-26,2263.010498046875,2273.130892683563,2253.8823037125367,2271.0471751540676,1874722
2025-06-27,2288.90673828125,2292.4787561982344,2261.5221557844948,2263.0104562105053,1050745
2025-06-30,2276.702880859375,2298.928070446473,2270.1542620550413,2291.8833514974594,1403754
2025-07-01,2277.595703125,2284.6404218850275,2268.7652176811503,2282.060604307341,759914
2025-07-02,2289.10546875,2290.9905524746237,2269.7575623951902,2277.099747912196,1128034
2025-07-03,2295.356201171875,2308.750905945756,2286.029614742405,2291.9828168641297,1060039
2025-07-04,2321.05419921875,2323.1376744970185,2292.2803906553454,2299.920284481797,1242346
2025-07-07,2391.599609375,2396.858319639088,2322.7410024796927,2322.7410024796927,2701583
2025-07-08,2374.03759765625,2399.6364137173014,2367.3899041263103,2386.6384929568344,1471046
2025-07-09,2404.498046875,2420.670959786851,2378.4033734605428,2380.2884570863953,1741690
2025-07-10,2389.615234375,2415.0156603181044,2378.8996643467794,2404.4982396768783,1053695
2025-07-11,2499.947998046875,2510.2667843766285,2441.8049629845386,2480.50077507572,7242235
2025-07-14,2496.971435546875,2512.7473238245966,2470.5788099993074,2480.5008132523167,2427712
2025-07-15,2507.19091796875,2510.167518959921,2490.422829279717,2501.0393243676117,1700294
2025-07-16,2497.963623046875,2513.144094156912,2487.9423029182253,2506.5957173853917,1284379
2025-07-17,2490.224365234375,2505.702544596446,2486.652347254296,2493.3993577519996,807474
2025-07-18,2470.181884765625,2495.2843577635995,2462.144965698126,2495.2843577635995,771112
2025-07-21,2445.674560546875,2474.150904552474,2436.2486571651175,2471.471769802211,1169960
2025-07-22,2460.359130859375,2465.6178411005535,2433.470647028656,2450.734836023488,861632
2025-07-23,2431.28759765625,2467.6022267172193,2422.953211758524,2461.6490247227266,1320795
2025-07-24,2418.785888671875,2446.7658880933027,2402.1168755368553,2436.744568380519,693984
2025-07-25,2396.560546875,2409.657784838074,2386.638543712917,2407.1772840475533,769388
2025-07-28,2422.556396484375,2429.204090176368,2393.4848786817606,2396.5605543297306,987995
2025-07-29,2434.462890625,2438.3323751192297,2410.7491567723273,2425.7314790440246,732282
2025-07-30,2418.388916015625,2433.768020676373,2379.7924212132107,2422.9531342933756,1224146
2025-07-31,2501.535400390625,2529.1186177565537,2401.224093298107,2401.224093298107,5505507
2025-08-01,2533.781982421875,2706.2264515000306,2517.112968113841,2530.110889578397,4259653
2025-08-04,2523.85986328125,2563.0517752650835,2515.327086013953,2527.1341727297113,1293028
2025-08-05,2514.93017578125,2533.0874906124764,2497.6659866058358,2517.7083852053106,756361
2025-08-06,2515.8232421875,2543.1087511382634,2506.893439258159,2518.898917854651,885487
2025-08-07,2497.8642578125,2524.1575657894737,2475.539751039598,2515.922254843745,847151
2025-08-08,2479.11181640625,2510.16749263262,2467.2054125664436,2496.3760050794067,839794
2025-08-11,2498.757080078125,2504.8095986608714,2459.168385930271,2470.678006035155,992436
2025-08-12,2464.42724609375,2516.815472347512,2460.7561532932295,2498.3604491802103,1406211
2025-08-13,2475.63916015625,2481.9891454246754,2454.108219033236,2465.6178398482184,969803
2025-08-14,2461.252197265625,2489.430589305409,2453.909769595819,2479.4092692334916,1104362
2025-08-18,2548.06982421875,2576.744317534717,2501.6347992367637,2519.1966970429903,3089136
2025-08-19,2584.4833984375,2594.603793083701,2538.445159023351,2552.13757165593,1400717
2025-08-20,2648.9765625,2659.096957697686,2568.3106250001715,2578.7287287523454,3156954
2025-08-21,2627.346435546875,2646.2975584682295,2606.807937462502,2646.2975584682295,2235686
2025-08-22,2609.387451171875,2637.76447641911,2598.5725648830726,2626.3541730605166,1223445
2025-08-25,2611.074462890625,2622.385449660888,2594.8022322765755,2622.385449660888,667598
2025-08-26,2671.5986328125,2683.901819675416,2604.1290122069813,2604.1290122069813,4348648
2025-08-28,2633.696533203125,2726.5665836002318,2626.1559558246827,2726.5665836002318,3198743
2025-08-29,2639.054443359375,2701.7614547505946,2620.797812241766,2644.0154449288766,1972773
2025-09-01,2628.834716796875,2652.4491325813005,2618.714322099665,2639.054428419475,1096729
2025-09-02,2656.120361328125,2671.400149963799,2624.469266767194,2628.338751273143,1525106
2025-09-03,2643.916015625,2665.9428132100716,2637.5660307805015,2660.0889285014373,1010692
2025-09-04,2645.801513671875,2728.5509248247226,2634.787993044382,2728.5509248247226,2494678
2025-09-05,2612.860107421875,2652.0520182863465,2603.335130123233,2646.793550617698,944879
2025-09-08,2603.434326171875,2623.9730666119685,2598.3742498750744,2609.486845026385,903410
2025-09-09,2621.393310546875,2625.560503547093,2590.9328084136164,2616.4323088236597,1610956
2025-09-10,2622.881591796875,2632.2081780734443,2598.5726835316877,2621.393291290843,1031486
2025-09-11,2601.54931640625,2636.9708204363524,2593.6117136101975,2623.1793324727764,1212707
2025-09-12,2560.372802734375,2608.395199020342,2548.9624996026387,2604.5257148528326,1368380
2025-09-15,2560.868896484375,2573.1720829359647,2548.3670761897,2560.37279634945,752745
2025-09-16,2560.769775390625,2569.7988954313,2552.534706310226,2568.01288636171,1040928
2025-09-17,2549.656982421875,2570.8902135171456,2546.4819900088273,2566.8220955202946,970247
2025-09-18,2566.623779296875,2589.5434608386845,2550.847649216938,2550.847649216938,1550153
2025-09-19,2539.635986328125,2584.384074543658,2534.8733764379313,2579.7207815780857,2214708
2025-09-22,2552.1376953125,2567.0207005828506,2540.231291096219,2548.962702635441,1174161
2025-09-23,2502.527587890625,2555.2135215505277,2498.558786627699,2548.8632941880032,1430474
2025-09-24,2529.61474609375,2555.9080548882134,2490.4228329850216,2502.5276285865116,1882881
2025-09-25,2518.502197265625,2547.474399043097,2512.0528949895665,2526.142091514596,1624258
2025-09-26,2492.208740234375,2525.54652468155,2479.905311279923,2515.2277385461766,885612
2025-09-29,2478.4169921875,2497.7648977229896,2423.945293497526,2475.5397082588324,2403556
2025-09-30,2494.788330078125,2506.5956589551924,2472.1663570938695,2478.4170251763394,1678088
2025-10-01,2516.41845703125,2530.110870187784,2478.4171355140884,2495.780641485965,1483899
2025-10-03,2525.050537109375,2528.721872140129,2488.7361501691885,2516.4184426371576,1242611
2025-10-06,2521.974853515625,2529.714064556161,2500.5432294397424,2515.4262344267695,818923
2025-10-07,2497.566650390625,2539.4374563414676,2488.736164248618,2520.188866616989,1291750
2025-10-08,2480.60009765625,2505.305788537764,2466.7092932841597,2491.414984165673,1225128
2025-10-09,2497.963623046875,2503.3214078814285,2478.814108419605,2481.493000836882,1259173
2025-10-10,2509.17529296875,2515.12849489021,2486.9501026898624,2490.422803810714,1018875
2025-10-13,2473.35693359375,2511.854353327809,2466.0145060992772,2499.5509243788547,1114750
2025-10-14,2482.782958984375,2489.6290444351353,2462.9389521863327,2473.555447376003,1461017
2025-10-15,2499.3525390625,2512.0527512652384,2483.0805511453786,2483.0805511453786,881070
2025-10-16,2541.52099609375,2548.466397996017,2487.545398204978,2498.1618926654496,1446646
2025-10-17,2583.391845703125,2594.603757423401,2540.0327414928897,2545.4898430859407,2050690
2025-10-20,2574.164306640625,2604.228023538072,2565.4331379755677,2588.6505276068815,1011485
2025-10-21,2571.485595703125,2586.3686009360827,2564.9372187424715,2573.7677049527942,82020
2025-10-23,2581.308349609375,2646.396542743126,2575.8512480603545,2580.7129325458322,3386744
2025-10-24,2496.772705078125,2563.845541367595,2455.1996099512826,2563.845541367595,3110800
2025-10-27,2492.208740234375,2505.3057356327795,2486.453930097325,2496.7727162326983,2127832
2025-10-28,2477.62353515625,2506.298027731777,2462.541896386315,2499.3526254379835,2294976
2025-10-29,2468.693603515625,2493.994710552656,2464.6254854896224,2493.002510276694,1870143
2025-10-30,2450.337890625,2477.5240812054235,2435.752352825584,2471.5708795685664,1195631
2025-10-31,2446.269775390625,2460.160579225737,2433.7679550444664,2449.742476349403,1401937
2025-11-03,2440.812744140625,2455.5964317532575,2421.2664466287306,2436.943259855451,1049185
2025-11-04,2426.624267578125,2444.0870900572017,2422.2586830765586,2440.812780562824,1251588
2025-11-06,2417.0,2444.682292267998,2413.6266157779787,2444.682292267998,1329256
2025-11-07,2414.0,2425.0,2400.60009765625,2417.0,817896
2025-11-10,2408.800048828125,2429.300048828125,2404.0,2405.0,780558
2025-11-11,2427.5,2433.699951171875,2403.10009765625,2422.199951171875,1422399
2025-11-12,2424.5,2434.800048828125,2416.199951171875,2430.60009765625,1680827
2025-11-13,2407.60009765625,2431.0,2405.0,2429.0,1256059
2025-11-14,2427.699951171875,2430.199951171875,2392.0,2405.10009765625,975973
2025-11-17,2425.0,2438.39990234375,2416.0,2431.39990234375,920038
2025-11-18,2404.0,2422.89990234375,2401.89990234375,2415.800048828125,1229034
2025-11-19,2441.60009765625,2450.699951171875,2411.0,2412.0,1465143
2025-11-20,2428.39990234375,2459.0,2425.0,2445.10009765625,1396929
2025-11-21,2433.699951171875,2443.199951171875,2413.0,2436.199951171875,1840712
2025-11-24,2424.199951171875,2444.89990234375,2413.0,2441.89990234375,4092327
2025-11-25,2414.10009765625,2424.199951171875,2406.0,2422.0,1240672
2025-11-26,2425.199951171875,2427.699951171875,2409.0,2412.0,1242683
2025-11-27,2451.699951171875,2459.699951171875,2425.0,2426.10009765625,1872248
2025-11-28,2466.60009765625,2470.0,2447.199951171875,2450.0,973225
2025-12-01,2464.5,2488.0,2458.800048828125,2466.60009765625,1924828
2025-12-02,2477.800048828125,2484.39990234375,2460.0,2471.0,2179406
2025-12-03,2448.0,2484.89990234375,2403.10009765625,2478.199951171875,3535932
2025-12-04,2462.199951171875,2483.0,2423.199951171875,2440.0,2587753
2025-12-05,2338.60009765625,2422.0,2286.699951171875,2422.0,4008271
2025-12-08,2314.0,2355.10009765625,2302.0,2350.10009765625,1898154
2025-12-09,2306.5,2330.39990234375,2298.10009765625,2318.0,1471488
2025-12-10,2301.699951171875,2316.89990234375,2295.0,2306.5,2857290
2025-12-11,2305.60009765625,2313.0,2292.0,2296.300048828125,1108032
2025-12-12,2260.60009765625,2309.0,2244.699951171875,2306.89990234375,3203114
2025-12-15,2293.5,2299.0,2252.0,2260.60009765625,1274115
2025-12-16,2281.10009765625,2302.699951171875,2276.0,2293.39990234375,1256042
2025-12-17,2275.60009765625,2286.199951171875,2268.300048828125,2281.199951171875,808100
2025-12-18,2265.5,2278.300048828125,2255.300048828125,2270.0,1057295
2025-12-19,2280.0,2284.800048828125,2263.699951171875,2263.699951171875,1237214
2025-12-22,2289.5,2295.0,2280.0,2280.0,790773
2025-12-23,2302.60009765625,2310.0,2280.699951171875,2289.300048828125,1128801
2025-12-24,2282.199951171875,2305.0,2278.10009765625,2302.60009765625,519380
2025-12-26,2285.39990234375,2290.0,2275.0,2282.300048828125,533626
2025-12-29,2293.300048828125,2298.699951171875,2280.0,2288.89990234375,1086695
2025-12-30,2290.199951171875,2298.0,2283.0,2293.300048828125,1556717
