Date,Close,High,Low,Open,Volume
2021-01-01,2534.89697265625,2545.068590321651,2492.2627454204194,2493.128415008964,2681440
2021-01-04,2631.1591796875,2640.941287530261,2545.890731987187,2553.7250834103975,5113293
2021-01-05,2677.516357421875,2695.9118383773275,2631.2896804059933,2631.2896804059933,5801309
2021-01-06,2641.591064453125,2695.2625853432096,2629.2119455917064,2683.5760445042397,3726716
2021-01-07,2625.40283203125,2666.998299006181,2597.2252439937083,2661.93404725628,3717827
2021-01-08,2701.66796875,2707.814306989968,2648.9487785771425,2674.918864641624,5879039
2021-01-11,2749.755859375,2796.1125036786916,2723.8724256901296,2796.1125036786916,9508039
2021-01-12,2748.371337890625,2778.79954116313,2726.859362823632,2749.7562825059354,3611458
2021-01-13,2734.606689453125,2750.2320665668194,2706.2993384024294,2748.500727525858,3572801
2021-01-14,2819.38720703125,2833.090857385207,2706.3757644928123,2736.385016087656,6931542
2021-01-15,2804.338623046875,2839.5949632892425,2784.086692779007,2805.769610947068,4131692
2021-01-18,2794.278076171875,2824.634166081401,2764.4856575189,2818.779777313135,4160906
2021-01-19,2828.060546875,2843.932490590062,2803.1685909079238,2804.035907922437,2975735
2021-01-20,2869.779296875,2886.388337153132,2833.612210684304,2836.127345955775,3453446
2021-01-21,2839.466064453125,2870.0821875198885,2829.275088916032,2866.482906390826,2778546
2021-01-22,2864.834716796875,2883.828873399442,2811.7547497893943,2811.7547497893943,3052459
2021-01-25,2854.600341796875,2896.6652141947725,2843.628655246773,2869.9084013829615,2272887
2021-01-27,2828.364013671875,2867.7401189418397,2798.831828845749,2862.145966901448,2786662
2021-01-28,2772.422119140625,2840.4630934886236,2761.3638277079594,2801.433829608627,3083938
2021-01-29,2698.52734375,2790.029304580471,2688.683209236595,2784.1315055139653,5445659
2021-02-01,2722.811767578125,2745.0583644106773,2640.1998215401736,2688.6827581905527,3985846
2021-02-02,2778.40625,2796.229654445879,2732.048204560955,2752.863809929039,2881837
2021-02-03,2775.457763671875,2806.637766972181,2743.0199813438967,2786.6894762922184,2505866
2021-02-04,2765.396728515625,2808.242313539117,2754.598674675003,2789.3347613949722,2057261
2021-02-05,2738.944091796875,2780.4887094248074,2713.835303201099,2774.5040941718335,2366135
2021-02-08,2787.6435546875,2797.964541919402,2736.515049968468,2766.3074725517463,2526592
2021-02-09,2755.37890625,2815.1371662192623,2744.190603217716,2771.077426447726,2658751
2021-02-10,2786.94970703125,2792.2402135852535,2738.3799559273443,2762.4045940346355,2127983
2021-02-11,2780.61767578125,2792.1530316328526,2762.4474310728065,2788.4235270233057,1165882
2021-02-12,2767.435302734375,2814.87750331554,2759.8028702973493,2761.710925469774,2777404
2021-02-15,2723.245361328125,2783.220247051006,2716.046587894049,2783.220247051006,2630853
2021-02-16,2696.314453125,2747.3559186764055,2688.6820230970784,2732.0478621792895,3435770
2021-02-17,2665.351806640625,2717.173994459445,2641.457182292696,2693.105949070788,3678426
2021-02-18,2651.691650390625,2686.8611844905117,2628.837763295516,2658.326540580916,4189909
2021-02-19,2664.267578125,2677.5373576665384,2615.957856052445,2652.2551540267127,3725028
2021-02-22,2565.913818359375,2685.213308575286,2552.6438265198617,2685.213308575286,5366696
2021-02-23,2584.778564453125,2626.236367155983,2574.1973374236977,2575.9319717481076,3832829
2021-02-24,2556.9375,2604.856767390992,2533.563135920015,2577.6662929597965,3774549
2021-02-25,2597.87451171875,2627.883551244727,2574.586966831345,2579.400618270045,4224073
2021-02-26,2510.275634765625,2577.969768946647,2497.8729593195408,2567.258319300639,5553153
2021-03-01,2536.20849609375,2571.5950743738917,2516.7806787130944,2537.7697091460395,3265871
2021-03-02,2607.458251953125,2623.633627469849,2556.8502260433443,2567.2580288630593,3306469
2021-03-03,2653.20947265625,2657.459241182454,2599.26218680881,2632.307048625571,3509857
2021-03-04,2645.05615234375,2672.5934623026014,2615.871025070524,2621.8988348222974,3916760
2021-03-05,2608.932861328125,2656.7653076598276,2599.0021243430324,2615.91480530581,3203686
2021-03-08,2607.978759765625,2630.572409522958,2598.481681150934,2615.8280208114875,2003125
2021-03-09,2646.140380859375,2659.974042684087,2595.098909747881,2607.9784383099436,1942397
2021-03-10,2663.487548828125,2682.7853553387167,2653.990468422944,2667.000225621096,3053778
2021-03-12,2652.212158203125,2703.427272886223,2637.8148220722114,2666.9999564084487,2938317
2021-03-15,2659.3232421875,2687.814682915371,2637.5103100179554,2637.5103100179554,3097083
2021-03-16,2697.39892578125,2724.2423410746646,2653.9896732532548,2653.9896732532548,4894756
2021-03-17,2699.914306640625,2736.3850274060687,2675.933077232486,2693.0191791112024,3838390
2021-03-18,2633.607666015625,2728.969113170011,2590.718889302189,2711.1891174007637,3656306
2021-03-19,2645.490234375,2687.815345737692,2606.287548867946,2627.9704735673467,5776626
2021-03-22,2714.3984375,2722.8981860522467,2618.1262549990556,2644.189171980529,2821646
2021-03-23,2725.630615234375,2748.52770039675,2708.5011036904066,2723.375506230923,3305973
2021-03-24,2706.98291015625,2734.0431555752925,2698.352937447627,2698.3963456428687,2207104
2021-03-25,2658.19580078125,2715.4387057395465,2645.3160624667325,2699.2631214567677,3179786
2021-03-26,2659.887451171875,2704.294033099093,2639.2886752622844,2680.5728317211347,3697370
2021-03-30,2739.463623046875,2765.3963116340788,2654.770007323295,2673.937794016288,4694008
2021-03-31,2756.203369140625,2779.750940615715,2716.436800626652,2736.385091308138,3530069
2021-04-01,2745.057861328125,2788.4237043190906,2727.7115241317388,2767.694916068321,4285076
2021-04-05,2809.152587890625,2830.055009620448,2732.915518024527,2750.261855809513,5317862
2021-04-06,2831.529541015625,2840.462947750376,2801.43368587289,2840.462947750376,2291562
2021-04-07,2837.340576171875,2842.674702445161,2805.5969029549656,2826.585930726271,2491268
2021-04-08,2877.194091796875,2892.5021519199554,2832.700688010083,2836.1265477595966,2578118
2021-04-09,2881.44384765625,2909.28480751802,2869.084580644706,2908.9811618749527,2911129
2021-04-12,2815.7880859375,2895.191000687045,2786.8629789060474,2881.443941356318,3791828
2021-04-13,2692.195556640625,2787.5570248326494,2665.3087278385674,2787.5570248326494,8654596
2021-04-15,2791.850341796875,2807.722287105344,2677.798142938476,2740.982278487863,6062760
2021-04-16,2771.2080078125,2816.178481881795,2760.323348153505,2800.5667748679753,3224657
2021-04-19,2742.282958984375,2765.8739392588823,2719.125637213985,2748.527599094198,2679106
2021-04-20,2727.321533203125,2797.400784488991,2711.536407203048,2797.0971388602725,3141893
2021-04-22,2704.988525390625,2730.3141415331434,2693.2363367203916,2730.3141415331434,1988980
2021-04-23,2696.922607421875,2705.162120131477,2680.9206487721694,2693.0196803489057,1615309
2021-04-26,2689.376220703125,2734.650119436634,2678.3179304960786,2690.4603668018553,2490260
2021-04-27,2716.4365234375,2719.992607416778,2691.2843334056715,2693.8862840986194,1471417
2021-04-28,2709.585205078125,2732.915948373883,2699.0905843667165,2732.005223147303,1639037
2021-04-29,2701.9091796875,2738.423308673348,2693.452839264756,2728.232334317733,1621395
2021-04-30,2632.870361328125,2716.4798343145985,2619.2969370650944,2687.8149695247444,3072305
2021-05-03,2634.041259765625,2649.652962984519,2605.4198038643194,2623.5466412362357,1545831
2021-05-04,2645.099853515625,2680.009360558499,2632.3069285744477,2656.418381999483,1990777
2021-05-05,2684.95263671875,2688.161666602572,2647.3977760717694,2662.6626367992335,1939289
2021-05-06,2698.613525390625,2718.1715667285157,2666.1325450298204,2693.4530314216354,1791671
2021-05-07,2717.217529296875,2740.591893433538,2698.917266401351,2717.304345701702,1912540
2021-05-10,2728.146240234375,2744.365029451389,2710.366237714965,2728.5364906231334,2137153
2021-05-11,2708.28369140625,2713.053934100444,2681.006406966172,2710.365167155714,2415625
2021-05-12,2677.92822265625,2706.0292105281887,2663.18383272709,2706.0292105281887,1978558
2021-05-14,2646.617431640625,2687.3813245743,2636.6432876249387,2687.3813245743,2043935
2021-05-17,2662.446533203125,2667.1733688098307,2633.1745825571097,2649.6536066244958,2890462
2021-05-18,2678.968994140625,2709.498512495332,2669.601927484197,2688.682902924305,2098538
2021-05-19,2673.0712890625,2704.294704509044,2660.1483490349488,2674.8059232539745,1986041
2021-05-20,2653.98974609375,2678.9685154652675,2647.1380271998105,2660.147780857133,2329027
2021-05-21,2671.769775390625,2678.448073333491,2649.7400102940805,2654.8570954295415,1685566
2021-05-24,2672.637451171875,2693.019401554007,2664.3979393152686,2672.637451171875,1652260
2021-05-25,2714.0361328125,2726.4558550002257,2686.233471414257,2694.8618248735547,1841613
2021-05-26,2752.820556640625,2758.4856931352156,2705.1462966966087,2719.2655174034353,1923753
2021-05-27,2771.5595703125,2804.460945714795,2755.697227906956,2755.8278767357083,5959785
2021-05-28,2739.834716796875,2787.247471728041,2732.905648071262,2779.8392154711028,1763701
2021-05-31,2753.386962890625,2763.14859899798,2726.76099180802,2745.4122790029396,1652799
2021-06-01,2748.02734375,2762.800236009924,2729.724592649857,2761.6237582519175,1377441
2021-06-02,2727.501708984375,2753.648492779045,2714.9077173465566,2746.1532090944156,2240078
2021-06-03,2737.786376953125,2749.3781612728867,2721.575284562109,2749.3781612728867,1281706
2021-06-04,2739.965576171875,2751.3830923937803,2723.623833172838,2726.2385120526837,1836060
2021-06-07,2774.347900390625,2780.666706179255,2731.1186808720404,2741.0543731367998,2559821
2021-06-08,2789.121337890625,2816.0090363656363,2777.834683752434,2787.24756988465,2574057
2021-06-09,2789.20849609375,2806.4217974914072,2776.9630416567725,2790.7337253315172,1710925
2021-06-10,2803.633056640625,2809.9082434117213,2782.8898949173777,2797.706408607824,1874324
2021-06-11,2853.3115234375,2883.9903751710076,2798.577544476913,2799.0569447568123,3452954
2021-06-14,2855.533935546875,2883.7287565429338,2850.3045787618544,2857.8434830136966,1847360
2021-06-15,2843.680908203125,2874.4033821941325,2833.9194838462886,2874.4033821941325,1304985
2021-06-16,2853.79052734375,2871.5266329719457,2835.1826495566793,2843.1139249899015,1635552
2021-06-17,2891.615966796875,2907.5655450907693,2841.283415494782,2846.076991809267,2273413
2021-06-18,2873.79296875,2926.6965839193863,2854.3571507849883,2920.5084268151454,3380431
2021-06-21,2852.701416015625,2863.9444481822334,2834.0499154939534,2845.641699122031,1130569
2021-06-22,2877.1923828125,2899.722282597916,2863.0731604681805,2879.632792142121,1708688
2021-06-23,2842.504150390625,2901.4216594077234,2838.146352764599,2901.4216594077234,1467104
2021-06-24,2940.292724609375,2948.485297431675,2857.407344850649,2862.200921302282,4155204
2021-06-25,2946.56787109375,2962.9966370490797,2919.723800757047,2941.7306741806633,2722861
2021-06-28,2908.17578125,2955.893657633738,2904.907433552484,2955.893657633738,1355238
2021-06-29,2911.74951171875,2933.9306574546695,2899.242548334486,2912.7517199861272,1497322
2021-06-30,2916.0205078125,2947.6145430536876,2909.7017007642626,2916.238397710715,1693146
2021-07-01,2912.31591796875,2930.1828867906443,2904.3412340712302,2926.696648971738,990310
2021-07-02,2898.327392578125,2910.74711500687,2871.9627186504385,2903.164590185935,1682274
2021-07-05,2894.448974609375,2940.6416261162394,2877.8893448238955,2912.751723319642,1972858
2021-07-06,2843.2890625,2900.550488419691,2837.8854352765143,2887.4770937903954,2159420
2021-07-07,2854.31396484375,2861.068551496173,2825.2475809189878,2854.357585378772,2640710
2021-07-08,2839.976806640625,2874.403409022796,2816.7932373915455,2874.403409022796,2485811
2021-07-09,2796.093017578125,2860.4577600900784,2789.861453396813,2832.567861149529,6365067
2021-07-12,2782.9765625,2820.3663777594174,2778.8366551160825,2819.4948183101715,1892226
2021-07-13,2778.139404296875,2801.1921094988934,2767.2012904975068,2801.1921094988934,1809339
2021-07-14,2801.672119140625,2808.165195985022,2775.9174888927046,2777.660608194992,2044279
2021-07-15,2797.65380859375,2822.8969769583846,2789.836369868689,2819.1847651324792,2232968
2021-07-16,2790.534423828125,2812.4146737671153,2788.0886893458846,2806.4313780915813,1256526
2021-07-19,2781.625732421875,2794.9023053084866,2774.1138778064173,2777.607724000128,1597058
2021-07-20,2800.143310546875,2808.1791148200396,2756.775813064705,2781.6259668093744,1811945
2021-07-22,2809.3583984375,2816.87004050565,2786.342599192207,2786.342599192207,2859334
2021-07-23,2806.30126953125,2831.3695755402578,2800.8856368537395,2821.2810511135626,1776193
2021-07-26,2792.93701171875,2816.2583923696466,2787.0848620044726,2795.076949858996,1259611
2021-07-27,2780.184326171875,2803.8115031390935,2761.142822223809,2795.0768878645167,1121367
2021-07-28,2793.155029296875,2798.963462561045,2736.030523298907,2784.5950645543444,1660654
2021-07-29,2791.407470703125,2817.3055111447698,2786.6034338878376,2795.2943305678373,1731997
2021-07-30,2766.645751953125,2815.603314622655,2762.191225983625,2811.6727376362114,2999943
2021-08-02,2812.0224609375,2816.82650020081,2766.2531539824104,2777.608155877507,2608669
2021-08-03,2869.23388671875,2873.688626119012,2811.6291376075883,2820.4074692213644,3804735
2021-08-04,2859.669189453125,2886.9648608907482,2848.5325555065747,2882.4229038130147,2929598
2021-08-05,2868.404052734375,2895.5250768731294,2849.668344886451,2860.5866144070887,2534521
2021-08-06,2890.982666015625,2903.385775596427,2851.851551541015,2858.446227946742,2292362
2021-08-09,2902.25048828125,2914.7410304017426,2891.1575698620823,2903.2985994335254,1510489
2021-08-10,2912.033203125,2926.0085870941607,2896.0490283082218,2896.0490283082218,2040777
2021-08-11,2921.02978515625,2934.8305189364487,2906.093722070834,2926.0959042967565,1929707
2021-08-12,2927.62451171875,2941.8182607499816,2905.132878638491,2905.132878638491,1310205
2021-08-13,3025.146728515625,3039.646275935448,2932.647233176226,2935.4859832902466,4363584
2021-08-16,3033.488037109375,3052.180240931902,3001.6504084686876,3022.176753470583,2083489
2021-08-17,3103.45263671875,3110.2219638050665,3024.7973806340597,3041.480581719962,4336019
2021-08-18,3110.003662109375,3140.094370801781,3089.084299979811,3121.6207437384664,2631309
2021-08-20,3109.086181640625,3122.6248347703986,3057.1152228521387,3062.3559918055994,2836148
2021-08-23,3177.128662109375,3208.2239757054094,3111.182321198469,3126.9920590866773,3744176
2021-08-24,3155.991455078125,3203.2895293351253,3139.5703341165326,3194.249116348361,2511141
2021-08-25,3195.995849609375,3229.8424850759952,3150.6195641945837,3153.1962331483587,2123263
2021-08-26,3207.220458984375,3220.977480890375,3186.3008804721826,3196.8698524418187,1902533
2021-08-27,3249.408203125,3257.5751546785104,3189.0958480679137,3202.110341078273,3944728
2021-08-30,3232.943115234375,3267.051829697669,3220.976735250082,3244.9094952186683,2033114
2021-08-31,3307.318359375,3322.7350832895377,3234.821052565711,3240.0181060067675,3207480
2021-09-01,3244.865966796875,3333.74068017422,3237.921990071919,3315.660068603454,2643336
2021-09-02,3351.25341796875,3370.818870315569,3251.023710609158,3261.5052486336904,3403717
2021-09-03,3355.88232421875,3368.8530977112823,3323.1275226001226,3340.989765099999,1746812
2021-09-06,3364.57421875,3386.9349219098394,3331.3826766127986,3362.56521433957,1723693
2021-09-07,3333.042236328125,3380.2528813214826,3326.360339981776,3375.055827135714,1585039
2021-09-08,3296.57470703125,3332.2556953856665,3280.72146575847,3327.8883877901417,4147175
2021-09-09,3311.64208984375,3326.753017556797,3288.58278984343,3310.1572478338157,1441148
2021-09-13,3358.765380859375,3364.9231140500738,3290.3295846609585,3290.3295846609585,1691473
2021-09-14,3394.184326171875,3403.4431043763866,3340.990600343816,3362.783424486109,1991188
2021-09-15,3454.14697265625,3476.3765236062077,3376.8019196637183,3390.864734115968,2461369
2021-09-16,3409.382080078125,3477.9050873700435,3399.599354603407,3432.7034578675884,2946666
2021-09-17,3343.479736328125,3445.8056672309503,3323.5210554661003,3423.9691294157988,6477148
2021-09-20,3339.6796875,3381.1691043056103,3326.0101017882753,3327.014497106709,2002008
2021-09-21,3374.1376953125,3381.6495487022958,3338.063696598914,3369.814104002726,1568129
2021-09-22,3373.439453125,3403.7487396255815,3364.9669187066097,3373.745249967666,1744067
2021-09-23,3379.640625,3388.1568739096724,3349.7245711378177,3380.295721069975,2003869
2021-09-24,3381.432373046875,3445.2822963349295,3367.194904471854,3397.766064434634,2320754
2021-09-27,3351.42822265625,3409.9938617270504,3321.686814486319,3406.5000155572484,1673362
2021-09-28,3300.94189453125,3362.8267262073114,3276.572404333812,3362.8267262073114,2253075
2021-09-29,3312.0791015625,3324.3949959637184,3251.1551522801906,3284.0411109165434,2489161
2021-09-30,3297.79833984375,3323.521744070171,3275.568782391647,3323.521744070171,2252412
2021-10-01,3258.186279296875,3327.8885546661445,3253.6443218192617,3303.213265514092,1578374
2021-10-04,3295.83251953125,3304.8727186534416,3238.3149909855993,3253.4696342242864,1356860
2021-10-05,3348.239990234375,3354.092139599293,3268.143613821035,3278.974451056184,1877966
2021-10-06,3328.673828125,3369.3334972852485,3314.7858777307024,3350.597793669295,1678154
2021-10-07,3400.298095703125,3405.6262960073923,3336.6665551047413,3345.35745414422,1647233
2021-10-08,3437.638916015625,3485.0242058206936,3406.500096585561,3428.3366356662377,2934339
2021-10-11,3219.229736328125,3282.0315318379744,3196.869036999863,3279.8478781241765,11845402
2021-10-12,3190.62451171875,3237.9223753337938,3171.1899897734634,3237.0489136733318,5752877
2021-10-13,3192.676513671875,3210.364109498508,3183.7672487938744,3188.1345564053886,3545655
2021-10-14,3160.51513671875,3211.754477725501,3157.6709399741703,3172.3732920313196,6442299
2021-10-18,3191.757568359375,3196.614624095019,3151.76382833439,3153.5141032909023,3590107
2021-10-19,3180.38134765625,3229.345469211841,3172.5489085620043,3210.879979668775,3135441
2021-10-20,3158.240234375,3176.7493081041953,3131.5047394776734,3160.9968321962406,2933693
2021-10-21,3091.423095703125,3157.014605986085,3072.826424568322,3154.0830236717397,4871211
2021-10-22,3061.975341796875,3116.8902273549793,3049.854600318604,3115.489921702792,2691670
2021-10-25,3056.811279296875,3075.714333469577,3019.2241689681423,3065.6064533030153,2595594
2021-10-26,3047.754150390625,3088.3604476916144,3041.1030194753075,3058.1682018867514,3878763
2021-10-27,3054.0107421875,3072.826196290812,3048.1035647364606,3048.1035647364606,2510813
2021-10-28,2994.414306640625,3078.7338948809274,2988.594727407154,3078.7338948809274,2424942
2021-10-29,2973.498291015625,3028.8507351056073,2963.17162630388,2975.5111498956726,3960501
2021-11-01,3042.328125,3051.604668589135,2986.800689606296,3008.6791285838494,2020718
2021-11-02,3049.15380859375,3074.8829773792254,3036.5081153880838,3057.7301981889086,3087414
2021-11-03,3056.198974609375,3080.396441340284,3033.2704145388475,3066.6568251407275,1537639
2021-11-04,3070.55126953125,3074.576987711035,3067.35710294661,3074.314403715549,328991
2021-11-08,3065.387939453125,3104.9879121203876,3046.5286832194915,3104.9879121203876,2526082
2021-11-09,3067.9697265625,3093.6113000124587,3059.4809348920953,3069.982585698361,1782692
2021-11-10,3049.241455078125,3080.2212352978518,3045.653306076,3061.2307953933705,1516489
2021-11-11,3052.65478515625,3071.776626249125,3006.972647388828,3045.4786999165085,1284514
2021-11-12,3085.778564453125,3092.867049870975,3050.466681553837,3068.232015188849,1747259
2021-11-15,3109.625732421875,3123.8905146184666,3087.4847137107154,3087.4847137107154,1809157
2021-11-16,3112.339111328125,3129.0981236798307,3099.7372160142086,3123.365929970274,2013204
2021-11-17,3082.146240234375,3117.983286720362,3068.5816109012585,3107.262853860318,1632914
2021-11-18,3041.715576171875,3081.2281652207835,3020.6248891586815,3076.2397102008363,2136598
2021-11-22,3026.574951171875,3076.9391488182723,3010.735093197918,3044.077698318732,3167936
2021-11-23,3031.695068359375,3046.309821800846,2982.293599476673,3014.84867157337,2153461
2021-11-24,3013.361572265625,3056.8996712097573,2996.471372556972,3038.6529653855837,2161746
2021-11-25,3015.635986328125,3030.6009218524678,3005.2657359705536,3013.8857114671073,1849619
2021-11-26,3016.46826171875,3054.2303654449,2985.8820302569543,2997.3464188105395,1941251
2021-11-29,3064.7314453125,3088.666540777799,2981.1120166304045,3016.7300692229596,2981745
2021-11-30,3088.491455078125,3118.771298358579,3055.105044565359,3055.105044565359,5588446
2021-12-01,3131.0673828125,3141.7440189198405,3093.611450384857,3093.611450384857,2102118
2021-12-02,3188.038330078125,3192.501616814279,3127.8290406863075,3141.0434888119357,3152938
2021-12-03,3185.89404296875,3208.2100476344785,3177.492851759142,3191.14486759598,2486263
2021-12-06,3094.8359375,3201.2527349839775,3082.234043907482,3185.894030279183,1849642
2021-12-07,3136.930419921875,3148.744776364599,3084.247184293791,3117.6773946078056,1484458
2021-12-08,3174.0361328125,3191.1451137740696,3151.3701568857164,3151.3701568857164,1428660
2021-12-09,3152.02685546875,3180.906396311526,3120.7406862224093,3159.246740679444,1567957
2021-12-10,3182.69970703125,3187.250378734149,3128.7037727258034,3137.3675474360034,1510718
2021-12-13,3158.93994140625,3204.753474268667,3151.9826411227077,3194.2518244349085,1883864
2021-12-14,3171.323486328125,3181.1249841256044,3130.104422391659,3154.870857709162,1747007
2021-12-15,3124.54736328125,3170.62326873746,3113.87051449821,3167.997856149491,1603233
2021-12-16,3134.392578125,3157.889891975921,3124.2408975889543,3134.7425476648837,2072320
2021-12-17,3136.79931640625,3195.433531388944,3127.478973442637,3152.6829772411506,4333992
2021-12-20,3112.7763671875,3155.7457022284616,3071.863690654172,3140.8683653072517,2312310
2021-12-21,3157.758544921875,3186.5504819413068,3121.0901570926853,3135.31114084143,2340989
2021-12-22,3177.4052734375,3182.699897702745,3155.964406068714,3171.4980956930385,1224328
2021-12-23,3205.366455078125,3212.192571111366,3176.749498197591,3192.5019750481574,1792861
2021-12-24,3212.54150390625,3242.3837719937064,3189.7005480383755,3224.881025586183,2209923
2021-12-27,3234.59619140625,3238.0091426074227,3196.9652743435154,3212.6301520302295,1534135
2021-12-28,3243.740966796875,3259.887211057231,3232.6267631978826,3246.7601484623697,1456218
2021-12-29,3233.370361328125,3255.4675824022315,3224.8815706171167,3231.226317262157,1456923
2021-12-30,3267.544677734375,3273.0142871714934,3220.506036575159,3221.687557676224,1966475
2021-12-31,3271.570068359375,3290.51670809093,3265.400306800385,3275.464387157578,1207141
2022-01-03,3341.05615234375,3351.776586595917,3277.3898999482267,3281.765587398091,2346158
2022-01-04,3399.690185546875,3403.5407048377974,3335.7613525319584,3352.7391471393594,2488606
2022-01-05,3378.8623046875,3386.7823423019872,3336.374333605073,3382.406654521235,1733031
2022-01-06,3332.041748046875,3356.1518254039756,3301.018170905814,3336.0236658252816,1810293
2022-01-07,3372.342041015625,3382.318522120413,3322.371608974034,3343.024937506082,2460591
2022-01-10,3395.40283203125,3481.297505277228,3378.906402180839,3481.297505277228,3937092
2022-01-11,3426.95068359375,3434.914519917858,3374.5300353638877,3374.5300353638877,1906106
2022-01-12,3377.943115234375,3438.4152013105504,3357.5087830184166,3434.914651347394,3203744
2022-01-13,3411.197998046875,3433.164032327103,3375.4049637230783,3428.7883453116465,6684507
2022-01-14,3472.677001953125,3480.422054774276,3378.074760491307,3393.6522516950954,3348123
2022-01-17,3517.30859375,3538.1807073776067,3467.557157953258,3494.1612509482666,3442604
2022-01-18,3492.32421875,3537.0436222582607,3483.047674656349,3530.261305806355,2389041
2022-01-19,3431.876708984375,3517.2211308607257,3428.238592280874,3517.2211308607257,3102539
2022-01-20,3354.641845703125,3436.567108062124,3341.0095022512132,3427.8003552354353,6176776
2022-01-21,3360.734619140625,3376.5586504367925,3306.0301683677976,3337.5027246819773,3112358
2022-01-24,3306.24951171875,3374.893017177605,3278.8534083165705,3366.4331860598354,3258414
2022-01-25,3304.977783203125,3339.606453941932,3263.1604185603896,3304.627198732507,3330501
2022-01-27,3199.20751953125,3272.9796645873425,3178.0358954512144,3270.8757293611275,5718297
2022-01-28,3234.975830078125,3269.823674292716,3196.358239154663,3196.358239154663,3143862
2022-01-31,3275.47802734375,3294.545714756189,3262.459313773471,3286.6556372062146,2739393
2022-02-01,3331.935791015625,3338.3794398855766,3275.609404720287,3305.065779508567,2105169
2022-02-02,3380.635009765625,3387.473119428021,3331.9356574912495,3355.8250577253107,1984212
2022-02-03,3352.93310546875,3403.6925298307206,3345.4374873551697,3376.077252383285,1960538
2022-02-04,3344.4287109375,3353.0201721837657,3304.189397939181,3344.779509497143,2307366
2022-02-07,3312.95556640625,3359.2440595715475,3292.9234525604707,3323.4756687605436,1919149
2022-02-08,3281.790283203125,3331.1032714460657,3262.1089644796893,3323.958452984582,2946443
2022-02-09,3296.78076171875,3312.0348236399673,3284.1128486707485,3287.5317961259125,1638721
2022-02-10,3305.372802734375,3322.4240945117594,3294.5457771673173,3322.4240945117594,2112459
2022-02-11,3239.271240234375,3289.723944738236,3234.9317404621156,3289.723944738236,3851488
2022-02-14,3273.2861328125,3325.448308882763,3252.4650961457983,3264.7385493388015,5951745
2022-02-15,3346.970703125,3362.049474126932,3285.778729863818,3319.0923882775924,3931683
2022-02-16,3342.85107421875,3378.794765843109,3336.6265932270653,3369.9402586350075,3256906
2022-02-17,3317.514892578125,3362.0500441836343,3312.9562234602226,3353.2832904830248,3134372
2022-02-18,3326.01806640625,3345.348798016269,3294.1949268123303,3304.1889388122663,3688883
2022-02-21,3260.7060546875,3355.737786485923,3248.564230091958,3340.1329231984273,7465922
2022-02-22,3144.10791015625,3215.5569402853985,3129.730522221603,3199.8645395262893,5408531
2022-02-23,3124.29541015625,3176.10679085941,3117.150378194761,3165.6744406252515,2426203
2022-02-24,2982.142822265625,3054.2057121800476,2972.8940679174907,3045.5703737803015,5039136
2022-02-25,3086.554443359375,3094.6636895714246,3035.049771472032,3040.309823069037,2549723
2022-02-28,3115.879150390625,3124.2514418873247,3029.7019299658295,3059.596641792147,3288942
2022-03-02,3108.822265625,3131.440532889471,3073.623835269187,3114.389239815684,2761341
2022-03-03,3107.2880859375,3137.270554721848,3094.7517994120094,3123.4629176882404,1928039
2022-03-04,3089.710693359375,3122.016049893525,3057.010661712767,3069.6785770495417,2370257
2022-03-07,3055.125244140625,3110.443533520385,3008.3547517838224,3024.5293660217944,3054130
2022-03-08,3155.987060546875,3163.9210144590907,3033.296400672888,3033.296400672888,3300992
2022-03-09,3184.610595703125,3203.371360422283,3153.44474778916,3160.414273213555,2719654
2022-03-10,3174.397216796875,3229.671634344163,3169.181041844232,3229.671634344163,2005441
2022-03-11,3155.28564453125,3190.966498478323,3149.762761674697,3158.8800986737456,1623423
2022-03-14,3193.72802734375,3198.418325678582,3138.497485009779,3138.497485009779,1765688
2022-03-15,3150.683349609375,3207.7549986026397,3143.23160938305,3207.7549986026397,3651133
2022-03-16,3205.037109375,3215.644966004357,3170.277019714628,3191.5363955122302,3090475
2022-03-17,3219.809326171875,3252.465482294645,3208.8947610929595,3240.7181184565948,3600452
2022-03-21,3179.4384765625,3255.9284015121616,3169.18141768512,3240.1921216498486,2413831
2022-03-22,3244.53125,3253.3418791403783,3177.9478070287987,3191.0979358854693,2907611
2022-03-23,3254.5693359375,3269.8236147540456,3234.9318946020617,3250.712050185486,1596195
2022-03-24,3287.40087890625,3294.720989062963,3239.31515426463,3243.6985306574106,1879046
2022-03-25,3250.229736328125,3313.394233297543,3219.1516403409387,3296.2113121317043,1690133
2022-03-28,3250.449462890625,3255.095885495892,3209.6840552214735,3239.3157276884785,1760990
2022-03-29,3248.388427734375,3262.9849837063884,3235.8080534283395,3239.0955853168134,2689063
2022-03-30,3271.357177734375,3277.0116896090785,3249.1333772121,3277.0116896090785,1583455
2022-03-31,3278.7216796875,3291.608763532692,3261.4073428596666,3278.765556258031,2168110
2022-04-01,3295.203125,3298.9289948453606,3268.289237394038,3285.7788659793814,1387014
2022-04-04,3305.372802734375,3313.832633765955,3276.2233490114336,3298.0524783670694,1472994
2022-04-05,3344.341064453125,3362.5759539750275,3306.8193178283004,3306.8193178283004,2314947
2022-04-06,3292.22265625,3339.5192456312348,3271.0069428753104,3339.5192456312348,2051729
2022-04-07,3229.803466796875,3283.587586159778,3225.2886742709443,3283.587586159778,2494829
2022-04-08,3231.1181640625,3248.081916364023,3193.2897112971536,3234.9317871479743,2296773
2022-04-11,3240.54248046875,3254.525622673996,3205.212637244365,3234.9318441838004,2291660
2022-04-12,3235.896240234375,3277.8889009048767,3198.4183716829752,3228.7950847907623,4483476
2022-04-13,3210.341552734375,3252.334434311482,3204.7309155870794,3249.835823719526,1621672
2022-04-18,3092.954345703125,3164.7978439809913,3088.0887549648314,3164.7978439809913,3820792
2022-04-19,3043.72900390625,3124.076426618072,3015.0178867422333,3112.1974330460894,3170014
2022-04-20,3118.15869140625,3128.985502739102,3050.8299868217055,3068.3634924930943,2640370
2022-04-21,3181.14794921875,3194.6050015642927,3127.451583591469,3138.497778704766,2280996
2022-04-22,3167.03369140625,3170.934854046478,3131.0461241987823,3139.4622934717854,1581465
2022-04-25,3110.6181640625,3142.0031715850637,3097.3805001014052,3119.209621791199,1960694
2022-04-26,3108.953369140625,3145.4229297988936,3084.274833328823,3134.2453207667304,1943469
2022-04-27,3122.015869140625,3128.3717647268363,3073.88648334889,3108.6904480973217,1727648
2022-04-28,3142.2666015625,3159.8876426411052,3101.720378215551,3145.5102566238547,1703660
2022-04-29,3109.30419921875,3176.4137352800244,3100.669076056526,3153.4010089842677,2051115
2022-05-02,3105.534423828125,3110.4000144347265,3062.007581823019,3085.8092300435665,1324161
2022-05-04,3050.61083984375,3108.208363580262,3037.9429247118774,3102.1155131222386,2305825
2022-05-05,3080.111083984375,3097.294006428791,3055.5205116831885,3078.9715772569134,1612262
2022-05-06,3009.275390625,3046.0079960568796,3002.174235860349,3032.419530395955,2010812
2022-05-09,3020.234130859375,3029.7898059191575,2934.100783512281,2978.9426390374124,2481830
2022-05-10,3014.667724609375,3037.505163046786,2999.9834107199654,3010.5035161929754,1622685
2022-05-11,2991.215576171875,3023.1703422023606,2965.046737643262,3011.3791043817087,1841769
2022-05-12,2988.27880859375,3024.2663680437477,2936.949647310669,2961.408799562808,2807195
2022-05-13,2993.75830078125,3015.6751825815522,2965.047185622854,3011.3795593615127,2187823
2022-05-16,2960.3564453125,3006.995516641768,2951.4144023259714,2993.845390475696,1195813
2022-05-17,3025.932373046875,3039.4330862596703,2937.2126666815007,2954.3955871632793,1754076
2022-05-18,3023.47802734375,3063.980386209113,3018.4371440187992,3037.6801253832837,1866781
2022-05-19,2859.6708984375,2985.079340558719,2831.661165933822,2978.0659382901526,4642963
2022-05-20,2886.891845703125,2905.214274385835,2866.772189797455,2901.795326230593,3065125
2022-05-23,2912.095947265625,2927.130841857703,2864.097978389944,2897.2363449132604,2293690
2022-05-24,2882.508056640625,2914.813623362685,2871.6373697770555,2906.3097026998907,1711510
2022-05-25,2795.7060546875,2906.205306459052,2783.7030890856627,2906.205306459052,3548046
2022-05-26,2848.04296875,2860.8845575217324,2807.0913216465756,2816.314244347323,2813186
2022-05-27,2878.360107421875,2893.893396446921,2850.0291844295866,2871.2111184877385,3103153
2022-05-30,2978.929931640625,2988.9473068380908,2900.468608772178,2909.8680052200993,2094624
2022-05-31,2969.31005859375,2986.123046252866,2934.5804266036826,2960.3075643045477,4840965
2022-06-01,2961.234619140625,2990.18330819429,2947.8636081875393,2990.18330819429,1493835
2022-06-02,3021.073486328125,3029.016711971407,2953.379595329582,2961.058003689997,2657939
2022-06-03,3036.209228515625,3068.9972234572756,3028.3101761155253,3053.1989031833205,1913622
2022-06-06,3028.08984375,3047.550788928705,2980.6069647315944,3016.6604681605313,1084210
2022-06-07,2967.85400390625,3017.4110382784365,2961.940756456237,3001.701059109505,2308256
2022-06-08,3004.43701171875,3013.0863456965512,2953.5563204177347,2983.2550748623253,2185707
2022-06-09,3024.691650390625,3033.4291109565715,2959.3806948448623,2987.534925978468,1279197
2022-06-10,2965.3828125,2994.59631990641,2958.4105111483304,2984.8879321908275,1527582
2022-06-13,2841.556884765625,2906.3382214284725,2817.59468967151,2903.690479350038,3030921
2022-06-14,2833.5693359375,2858.5903679658018,2801.9287335908107,2815.432260568546,2611493
2022-06-15,2829.818359375,2854.265800096779,2825.1406388713017,2840.585800127237,1404536
2022-06-16,2773.068115234375,2863.841611879597,2765.1690623293366,2859.561009980705,2032028
2022-06-17,2726.203125,2752.548242059403,2668.7914294364296,2728.9392110453464,5240434
2022-06-20,2746.94384765625,2770.1999332856935,2708.6399347682336,2730.7044503658894,1502769
2022-06-21,2834.8046875,2857.575309853257,2758.4172942182936,2762.4772511283127,2964461
2022-06-22,2844.512939453125,2868.8722488134295,2809.2538895886987,2824.169414688557,3336315
2022-06-23,2920.282958984375,2928.402658039696,2844.513322405252,2844.513322405252,3692578
2022-06-24,2906.42626953125,2952.232116631172,2892.6579259368214,2946.9366330138964,2132118
2022-06-27,2925.49072265625,2968.031076855113,2918.253602725961,2956.645869993035,2037686
2022-06-28,2928.53466796875,2938.993334040657,2888.333294892649,2918.693980682418,1400046
2022-06-29,2904.131591796875,2941.6412689436206,2886.921269341309,2886.921269341309,2133994
2022-06-30,2883.4794921875,2922.1363544822384,2872.800179524171,2887.8040514295203,2719603
2022-07-01,2925.843017578125,2941.6411240439957,2870.196267951424,2877.2127405890865,1502879
2022-07-04,2855.19287109375,2928.3587283799407,2846.3670636781026,2923.1074160623934,2622535
2022-07-05,2838.643798828125,2887.8034912040525,2830.391584691567,2872.7996222094107,2170627
2022-07-06,2877.874755859375,2884.71475566246,2826.243789603828,2840.5857246748133,2182144
2022-07-07,2901.792236328125,2929.637477315577,2881.6693588512844,2886.9206694658974,1989921
2022-07-08,2882.022705078125,2916.9288100296644,2868.3868782439968,2912.5159071400585,2136916
2022-07-11,2748.179443359375,2846.3223604128075,2741.2952717650173,2829.6856303492573,6974600
2022-07-12,2722.49658203125,2767.949487076794,2718.569141097803,2749.1504754874695,3734815
2022-07-13,2681.94189453125,2744.82576453877,2678.6322171624333,2739.5302807486632,3863530
2022-07-14,2653.62451171875,2705.1705318296686,2625.5286123449873,2704.285621613172,4764908
2022-07-15,2649.95263671875,2680.3048890751556,2613.1402795167933,2671.146196522234,4574806
2022-07-18,2710.923095703125,2722.825097749123,2667.3855458616686,2675.084223375403,3202795
2022-07-19,2720.435546875,2724.5945821637847,2681.322554002557,2681.322554002557,1865074
2022-07-20,2800.56396484375,2806.890986629367,2741.4962064485426,2750.1240812703145,3402251
2022-07-21,2811.626220703125,2817.555077941277,2782.2029460983676,2802.5115991959874,2420640
2022-07-22,2806.051025390625,2829.0586969958463,2781.715988115872,2818.43977163959,2075886
2022-07-25,2802.28955078125,2819.7222396009693,2786.6709711932813,2800.74095783458,1797504
2022-07-26,2757.291748046875,2804.1919910670576,2740.1245756980134,2800.4754112437777,2639367
2022-07-27,2821.84619140625,2826.491970308109,2752.070930434643,2756.4954817697467,1389808
2022-07-28,2885.249755859375,2888.346941611716,2833.1727032922854,2845.871251293897,2106333
2022-07-29,2921.88525390625,2935.513002248576,2898.081253084199,2911.3549076784775,2430257
2022-08-01,2919.141845703125,2944.09627043155,2894.5412986418996,2944.09627043155,1306913
2022-08-02,2912.947509765625,2931.6189858100583,2895.1164391804086,2911.3546281587332,1269114
2022-08-03,2955.15771484375,2963.5643620337532,2899.895114155868,2902.5055561274144,2895824
2022-08-04,2968.82958984375,2997.9873392727095,2926.7079917137826,2964.449327329786,2150567
2022-08-05,2977.767333984375,2988.341968455179,2968.8739426020506,2974.3603430430594,1106933
2022-08-08,2986.0859375,2990.0237456788655,2952.0611749006835,2977.7235772004797,1068836
2022-08-10,2968.210205078125,2995.4211952566006,2951.1756827712743,2995.4211952566006,1878359
2022-08-11,3028.60595703125,3034.0923585074934,2986.6170001926866,3008.6954722881665,1449248
2022-08-12,3010.066650390625,3025.508291795108,2992.102928234048,3025.508291795108,1472354
2022-08-16,3002.23486328125,3021.835754299982,2997.633373341012,3018.428763532455,839942
2022-08-17,3009.66845703125,3024.57906570946,2983.121148478597,2995.5098924698354,1622326
2022-08-18,2992.10302734375,3001.6158133086874,2975.068503639094,2999.845992664048,1430659
2022-08-19,2996.0849609375,3027.7205032408347,2983.253761961322,2997.191098780274,1398410
2022-08-22,2968.475830078125,2994.6249721231397,2962.1485919354714,2977.723099317719,1536532
2022-08-23,2906.576171875,2957.2813542430513,2893.6563963489066,2937.857618277289,1849256
2022-08-24,2880.69287109375,2927.2833126117357,2876.135453360613,2913.1247476172416,1691923
2022-08-25,2847.818603515625,2900.868938739498,2844.765705846881,2898.9664677982364,1946930
2022-08-26,2851.35791015625,2882.1528316395706,2846.579480978904,2862.0654111458343,1457962
2022-08-29,2772.025390625,2781.007142415291,2726.40822824543,2765.3442756465333,2539173
2022-08-30,2841.57958984375,2855.1630492052304,2780.476707184959,2791.8919635030225,3431525
2022-09-01,2771.274169921875,2822.8644952856157,2761.8056707794376,2822.8644952856157,3546935
2022-09-02,2770.123291015625,2798.9714550279446,2761.185826048759,2798.9714550279446,2052900
2022-09-05,2772.77783203125,2785.653320032453,2754.0620657083778,2764.1499566547036,2147912
2022-09-06,2767.15869140625,2779.3704962895417,2748.841092102585,2774.6361399478797,1936453
2022-09-07,2787.11376953125,2797.997994176971,2744.9919497778506,2744.9919497778506,1291534
2022-09-08,2804.855712890625,2817.111806381108,2796.4049927606457,2805.1655178979468,1346113
2022-09-09,2847.33203125,2861.35794834005,2803.8387689239053,2827.288895916641,1561185
2022-09-12,2869.719970703125,2893.4798999711134,2853.8358731602502,2867.020950932398,1785928
2022-09-13,2857.684814453125,2887.8601223695387,2853.8353687015865,2887.8601223695387,1972678
2022-09-14,2761.2744140625,2779.857533056882,2755.434134861245,2774.194192732771,5090269
2022-09-15,2747.0712890625,2776.627205727724,2743.221842962614,2769.769151120317,2138023
2022-09-16,2662.42919921875,2738.221885301835,2654.7305239079215,2721.9836971802556,5322221
2022-09-19,2680.21630859375,2691.8970811218637,2643.934986987571,2686.5876194233983,2072220
2022-09-20,2690.393310546875,2725.4799238140686,2681.2786896145844,2698.976898786958,1544295
2022-09-21,2655.792724609375,2691.3660751321318,2653.093705010806,2679.5083636387303,2253818
2022-09-22,2661.279052734375,2681.2338224800474,2636.413203836875,2645.881700493006,2017983
2022-09-23,2638.8466796875,2674.641256436931,2636.1476601904446,2658.270416653943,2652374
2022-09-26,2649.77490234375,2677.6054997691786,2589.3357111207397,2619.2014290844972,2925489
2022-09-27,2670.172607421875,2676.8537235602644,2633.493117790197,2663.049036122566,2227447
2022-09-28,2686.278076171875,2698.932337661489,2637.03290053693,2637.03290053693,2739767
2022-09-29,2652.341552734375,2704.1530914163895,2645.881664658973,2702.5159210262555,2493902
2022-09-30,2658.757568359375,2672.1638744157713,2610.574240599038,2646.634339166177,2817353
2022-10-03,2641.4130859375,2673.0486307094293,2631.7233608871984,2650.306478095884,1763331
2022-10-04,2735.39013671875,2741.4518581351913,2675.083591718103,2681.233674530913,2145875
2022-10-06,2744.947021484375,2764.4593336773814,2736.5403749831157,2752.9555016230265,1790816
2022-10-07,2712.161376953125,2747.6463648942195,2706.144160002529,2740.9209604826137,1939879
2022-10-10,2759.63671875,2767.1141666538147,2659.155123375348,2663.579674329383,3064063
2022-10-11,2716.2763671875,2783.0428039660296,2701.940863997202,2743.22184174712,4730645
2022-10-12,2743.885009765625,2751.9818508143503,2709.639031889573,2729.8590981757498,1665247
2022-10-13,2746.142578125,2752.07143479208,2701.0564349661036,2743.886013322039,2054781
2022-10-14,2742.46923828125,2787.467006372558,2717.5591036730557,2783.042455568792,2245977
2022-10-17,2760.74609375,2775.5178951019166,2724.9918710842394,2726.056468339946,1517005
2022-10-18,2789.9794921875,2799.428307890609,2775.651290120685,2794.681698365406,1793722
2022-10-19,2769.70703125,2802.666443942167,2760.9680194833886,2802.666443942167,1194289
2022-10-20,2801.157958984375,2803.5533568233523,2754.7573332077563,2754.7573332077563,1587601
2022-10-21,2783.503173828125,2803.9087883467655,2774.276373903861,2801.602196666558,1021913
2022-10-24,2805.06201171875,2819.523424396442,2799.1178111928175,2812.514626501965,260949
2022-10-25,2805.41650390625,2825.067906352721,2795.701486132634,2821.7409048142667,2069643
2022-10-27,2801.24658203125,2815.974195972847,2780.79678517485,2804.1743868029735,2438421
2022-10-28,2806.4375,2819.9673101240815,2790.2460878842962,2794.6820912036674,1355739
2022-10-31,2832.964111328125,2838.154320749786,2819.345713992005,2838.154320749786,1919414
2022-11-01,2892.00732421875,2894.580335538735,2842.1022978592464,2851.9059063577597,2991060
2022-11-02,2876.037841796875,2901.1456594790648,2858.6044384654506,2901.1456594790648,1405955
2022-11-03,2845.0302734375,2863.92768787321,2834.6056673057806,2863.92768787321,1422652
2022-11-04,2854.47900390625,2856.8302153585205,2809.009975066028,2854.1242103218356,1464013
2022-11-07,2868.939697265625,2877.0133070034576,2834.693894089148,2864.7698989863147,1474498
2022-11-09,2853.28125,2883.2242672806515,2840.5054326659097,2883.2242672806515,1162267
2022-11-10,2844.054443359375,2861.2218611670587,2812.425829426225,2812.425829426225,1573092
2022-11-11,2941.912353515625,2964.6691755192865,2887.881931563793,2900.790741715342,3265394
2022-11-14,2959.25732421875,2971.2345311973,2935.746510520115,2949.0545182740593,1342074
2022-11-15,2956.684326171875,2963.2051195621743,2920.663901019243,2946.3927142420735,1400708
2022-11-16,2976.8681640625,2988.002356606377,2946.7919383664444,2962.273543145715,1748235
2022-11-17,2971.234375,2980.993580173186,2943.509360303449,2963.249570767393,1417986
2022-11-18,2966.310546875,2983.4335602983065,2946.3929384434396,2972.1217536240656,1164540
2022-11-21,2913.12255859375,2957.659976044365,2903.806954249229,2947.7233747305418,1304194
2022-11-22,2941.025390625,2944.5741927896725,2888.0595616376004,2910.017775031512,1149739
2022-11-23,2935.125732421875,2954.3779417550127,2919.777119013738,2954.3779417550127,1150011
2022-11-24,2998.870361328125,3010.226569828701,2935.1251422109576,2942.178342108042,1296591
2022-11-25,3007.298583984375,3019.453402077861,2970.3467759953433,3001.3987882892015,1588981
2022-11-28,3012.267578125,3031.5641895156837,2985.917765891163,2986.3169628064943,2195437
2022-11-29,3014.130615234375,3042.2104235794986,3001.3992017991964,3001.3992017991964,1576028
2022-11-30,3008.319091796875,3029.700490993687,2994.301282472672,3001.398885512607,3410702
2022-12-01,3083.598388671875,3087.4577975595,3034.2257665670945,3038.661769149795,2180856
2022-12-02,3051.21533203125,3077.6095453413673,3028.0151269724374,3068.0279537907963,2411749
2022-12-05,3039.46044921875,3051.215857169985,3022.6924445176714,3045.7596601200953,1475065
2022-12-06,3003.484130859375,3023.534731073787,2988.0911164070485,3016.525934157563,1166999
2022-12-07,2999.27001953125,3010.892215820277,2975.6704001996686,2988.3574103425613,1167505
2022-12-08,2972.60986328125,2999.2702832829777,2962.761850478727,2980.9938652068045,1285619
2022-12-09,2921.32958984375,2993.5034407039375,2906.779587569862,2993.5034407039375,1797896
2022-12-12,2915.73974609375,2924.212553335306,2871.069335381073,2888.280936706034,1527610
2022-12-13,2956.240966796875,2960.1001591337144,2899.1939295105562,2907.5335278353573,1378016
2022-12-14,2985.739501953125,2996.0752984118217,2964.047282167183,2971.0562942298634,1213311
2022-12-15,2932.286376953125,2985.2077986532413,2926.829964070142,2979.928999146625,1415694
2022-12-16,2874.7509765625,2920.663595353368,2861.398567777386,2905.5811891805224,2703680
2022-12-19,2840.8603515625,2879.409169250931,2834.1619445916185,2862.9959603058865,2120965
2022-12-20,2878.034423828125,2882.5148303042197,2806.7921703282104,2838.06599235598,1529971
2022-12-21,2899.85888671875,2912.723292412185,2874.529272188241,2882.5140757220975,1432566
2022-12-22,2892.00732421875,2922.438343612525,2879.0543273380003,2922.438343612525,1384101
2022-12-23,2864.193603515625,2898.3508201741924,2854.1237919639257,2854.1237919639257,1360281
2022-12-26,2885.974365234375,2902.9199811046005,2861.265961737632,2864.193766652603,870157
2022-12-27,2891.830078125,2904.5170888075672,2866.9884637094456,2900.4358797986224,835883
2022-12-28,2889.70068359375,2897.6854876748585,2862.1086628505846,2883.224076963183,910795
2022-12-29,2900.03662109375,2902.4764224575765,2863.8832008843215,2866.633609062399,1037927
2022-12-30,2889.346435546875,2926.87506794699,2880.0308283284926,2915.3858623646647,1163131
2023-01-02,2893.560302734375,2898.3513158512633,2870.271287393365,2893.1611057917276,709547
2023-01-03,2937.83154296875,2945.505740863758,2879.2319050146616,2885.176105207512,1245178
2023-01-04,2940.759033203125,2952.026652767493,2915.5182224485047,2933.7058325903895,1231668
2023-01-05,2937.609375,2960.853982507191,2911.7473529923486,2954.55477293235,1826057
2023-01-06,2849.28857421875,2929.1366126366033,2839.0413659681253,2927.761408654629,2488376
2023-01-09,2945.4609375,2951.715743667599,2857.805494277546,2864.7701040885713,2885060
2023-01-10,2915.69580078125,2925.9874138015825,2865.7465830992874,2914.4538066519704,3864655
2023-01-11,2953.22412109375,2971.6779339396694,2902.1656914177715,2918.978313377468,2720512
2023-01-12,2958.237548828125,2972.1221522419405,2941.5581334295275,2953.4909387502744,2250391
2023-01-13,2993.903076171875,2997.8510758487264,2932.1982260077066,2965.8230448937,1742837
2023-01-16,3025.20654296875,3042.401100769178,2992.5413358027226,3009.7358936031505,1843607
2023-01-17,3065.4482421875,3068.5334225583842,3013.36547080827,3021.5317728971813,1688475
2023-01-18,3075.973876953125,3093.168435883575,3059.8681140280755,3066.900207699576,2421189
2023-01-19,3060.6396484375,3073.2519608477514,3049.6604193709163,3066.9003919886036,1585044
2023-01-20,3051.5654296875,3080.1926755327436,3044.760178562621,3053.2893380290952,1529349
2023-01-23,3098.566650390625,3102.286942704986,3044.7599789115416,3074.1585732332533,1067916
2023-01-24,3117.98486328125,3132.1850663852497,3100.7448925102035,3107.731573201867,1387863
2023-01-25,3112.041259765625,3116.804935431131,3089.583931628239,3108.003521839882,874110
2023-01-27,3095.073486328125,3126.7859108519738,3068.9866915118178,3108.6385753275863,1785879
2023-01-30,3115.580078125,3138.082820181694,3071.935865803959,3103.1946093031756,1953798
2023-01-31,3047.572998046875,3129.5082689944597,3040.5863175994305,3129.5082689944597,2820375
2023-02-01,3092.624267578125,3102.287637094733,3044.216151638733,3051.475087320733,2205161
2023-02-02,3139.852294921875,3147.6557387794014,3103.285586505531,3109.5463294312503,1813847
2023-02-03,3159.7236328125,3179.413449194556,3133.0469144504245,3179.413449194556,1804469
2023-02-06,3139.4443359375,3151.4215357600465,3118.4842916293296,3151.4215357600465,1138714
2023-02-07,3150.877197265625,3169.4328073868965,3140.759922695128,3147.5651749297117,1455647
2023-02-08,3194.02197265625,3211.9876581401045,3155.8671542754532,3155.8671542754532,1986946
2023-02-09,3212.850341796875,3218.9750686870316,3180.5934025370234,3189.394817614889,1655427
2023-02-10,3209.855712890625,3214.2111181684145,3183.17899401736,3193.9313800289237,1187821
2023-02-13,3159.814208984375,3220.244929405752,3151.6479073882488,3220.244929405752,1087939
2023-02-14,3175.875,3198.332330949659,3171.2473401639604,3180.32100923453,1579818
2023-02-15,3194.52099609375,3199.3754973273617,3139.625301939381,3163.988190351818,1429449
2023-02-16,3228.45703125,3243.8368567974812,3200.2832430558647,3200.464672141428,1618931
2023-02-17,3176.8271484375,3211.0802447625774,3166.7100973382767,3199.5113181892066,1061369
2023-02-20,3164.260498046875,3195.746083812349,3153.145254001815,3177.5987465959242,1296082
2023-02-21,3131.3232421875,3183.859698266715,3125.6521989352045,3170.340019763293,1139541
2023-02-22,3086.453857421875,3127.6936378456253,3080.5105600481284,3098.6124850134906,1218430
2023-02-23,3097.56884765625,3132.593073464419,3092.306075874683,3104.101844356599,1441570
2023-02-24,3085.455810546875,3115.852602482513,3068.987189496275,3105.463295514014,977592
2023-02-27,3023.21044921875,3075.9737450556004,3008.8285954585162,3075.9737450556004,1128022
2023-02-28,3005.970703125,3077.7887089468877,2994.2201238468547,3020.170907349562,4116217
2023-03-01,3072.072021484375,3075.0663765130616,3007.921226952139,3015.1801620398064,1669307
2023-03-02,3013.7734375,3057.7353150042663,3010.643066320148,3049.659839030144,1556538
2023-03-03,3032.555419921875,3046.9372702153178,3022.529195463583,3043.307803544424,1043190
2023-03-06,3059.505126953125,3089.5388380017994,3047.845373843557,3050.4766492061635,1334132
2023-03-08,3076.33642578125,3081.4177686623493,3022.3029080296496,3052.382029970596,1844590
2023-03-09,3027.74755859375,3071.437189533484,3022.303356780692,3071.437189533484,1648500
2023-03-10,3022.439208984375,3028.110252231494,2985.2371652832767,3006.0157791306688,1024404
2023-03-13,2977.93310546875,3057.6453856745457,2968.9048480506426,3024.2542354990196,1901233
2023-03-14,2917.138671875,2998.302582891933,2912.1027421363688,2976.162922928959,2670334
2023-03-15,2902.57568359375,2958.3335528960897,2896.314941034264,2948.9422175317536,1780522
2023-03-16,2889.9638671875,2921.5402827886437,2878.1680963010203,2910.8333079866566,1901060
2023-03-17,2884.79150390625,2922.9915158184126,2852.761409425427,2858.6592940187047,6739966
2023-03-20,2852.126708984375,2876.0356962978067,2808.346251639935,2876.0356962978067,2289468
2023-03-21,2818.372314453125,2864.3303576607777,2810.523458137798,2852.1263176035486,1815297
2023-03-22,2840.7841796875,2852.307694383167,2818.372262786457,2840.103654549664,1123939
2023-03-23,2835.203857421875,2854.8938961077,2813.7447191349406,2826.357030265614,1372218
2023-03-24,2831.4384765625,2876.3531391453694,2818.2816562099424,2857.207608505045,1329577
2023-03-27,2833.07177734375,2860.701055740268,2818.2816522493927,2844.595292917529,1524217
2023-03-28,2827.2646484375,2857.797679841511,2822.0472883688126,2837.336510397544,1303530
2023-03-29,2848.1337890625,2858.2056499628916,2816.55759910205,2839.150945629806,1740616
2023-03-31,2908.927490234375,2915.369883910021,2860.0205023605313,2894.455032314574,2382581
2023-04-03,2903.573974609375,2926.2127336376348,2879.7555943489074,2926.2127336376348,1521830
2023-04-05,2939.6875,2961.963403011525,2890.4174301241856,2890.4174301241856,2655065
2023-04-06,2922.356689453125,2955.6118210617306,2917.1847421468806,2926.2584116403386,1703464
2023-04-10,2961.101318359375,2968.904763009126,2917.1848450716197,2921.7216799784183,2203187
2023-04-11,2916.095458984375,2969.7661164625447,2896.450834897555,2961.6452279275054,2348779
2023-04-12,2941.36572265625,2958.8779475351903,2902.666614298546,2928.934840854399,2417727
2023-04-13,2893.456787109375,2930.794843329993,2885.4265021019746,2912.6475068387854,4174070
2023-04-17,2848.678466796875,2870.3644477381677,2785.8433071135864,2843.7787740020203,5505048
2023-04-18,2840.73876953125,2864.4211329587547,2822.4554160887333,2862.6970030263255,2617302
2023-04-19,2803.400390625,2849.1315860716577,2786.9769638914318,2840.7384436604593,3298034
2023-04-20,2817.19287109375,2824.633235568571,2792.8753932155673,2803.7637963080256,2419999
2023-04-21,2868.05078125,2871.3171692054207,2813.563354091303,2821.91108534421,1929184
2023-04-24,2880.708740234375,2886.288958566477,2836.565203622376,2859.204187054987,1640676
2023-04-25,2881.797119140625,2895.5890509725477,2855.937163883853,2888.1486870984286,2024090
2023-04-26,2901.8955078125,2911.196019002823,2886.3342533089885,2886.3342533089885,2000029
2023-04-27,2892.640625,2902.848503896997,2876.943131368921,2889.963936616484,2434446
2023-04-28,2921.040771484375,2928.2997063828375,2900.1713336512958,2903.936817519828,2931312
2023-05-02,2921.176513671875,2935.3315240050892,2912.64735457692,2935.3315240050892,2321159
2023-05-03,2885.3359375,2918.091971436183,2879.2112108808474,2918.091971436183,2468285
2023-05-04,2922.356689453125,2925.7593155131717,2883.6121650210844,2885.562915352124,1953253
2023-05-05,2931.429931640625,2943.497954612831,2912.69289547793,2921.721151002872,1710027
2023-05-08,2949.48681640625,2953.3431255778287,2931.9745916279403,2944.40547335836,928235
2023-05-09,2979.11279296875,2992.496456624058,2945.3133711951764,2951.3020821865957,1107375
2023-05-10,2982.333740234375,3000.2088248723344,2963.505875992397,2985.237270173894,1559987
2023-05-11,2978.114501953125,3003.112507036917,2968.904815539429,3002.477394443756,1719623
2023-05-12,2970.9912109375,2985.2368256484924,2958.015821159296,2975.3918070815257,1027479
2023-05-15,2953.524658203125,2987.0518206947813,2947.4453443068564,2979.792885529059,1150390
2023-05-16,2956.337158203125,2980.7000462781807,2949.3504778943434,2954.5678371838712,986306
2023-05-17,2911.4677734375,2976.1630698399545,2901.985834791352,2954.3408542454076,1588815
2023-05-18,2903.438232421875,2929.8424778323165,2899.0374140909003,2927.1203769740155,1369364
2023-05-19,2924.3076171875,2934.8783533778346,2906.341707556494,2912.647863454274,1152449
2023-05-22,2993.131591796875,3001.978420381467,2919.0451620549434,2930.7955208443195,1333243
2023-05-23,2991.6337890625,3019.671334917514,2985.3276340299108,2999.7546777174225,1687418
2023-05-24,2997.350341796875,3009.91723962534,2972.533770094014,2972.533770094014,1016555
2023-05-25,2988.413330078125,2999.755418016785,2964.458928961737,2988.8670135956713,1374917
2023-05-26,3020.533203125,3029.380029282114,2986.1440905704612,2988.412507533824,1791115
2023-05-29,3012.775634765625,3059.6410443587624,3005.1990328933043,3049.478579856899,1210372
2023-05-30,3009.010009765625,3018.7642037470678,2995.535744483075,3007.9212138122552,1344224
2023-05-31,2984.783203125,3019.444571909924,2962.6887320872042,3002.4768564038986,5815424
2023-06-01,3016.08740234375,3030.605271909785,2992.0421808750048,3007.0137338649783,1177314
2023-06-02,2999.392333984375,3026.8853758575733,2991.9971602900687,3018.1293732382414,2030661
2023-06-05,2984.23876953125,3018.8095354179477,2980.7455400443455,3007.9211331260885,1861468
2023-06-06,2932.881591796875,2984.193225840055,2922.2654451215826,2976.1629414885047,2022849
2023-06-07,2971.535888671875,2975.1201652874615,2940.776238166273,2951.664641393053,1567196
2023-06-08,2936.647705078125,2967.089910390368,2933.5173334226483,2958.9236078847066,1759366
2023-06-09,2912.012939453125,2948.942731820432,2908.428884130249,2944.4058968484005,1775689
2023-06-12,2946.129638671875,2952.934890744503,2913.5552540276176,2917.1847217996856,2324605
2023-06-13,2943.225830078125,2962.552788439429,2938.961250154766,2958.015954153917,1371928
2023-06-14,2949.89501953125,2954.2504246831013,2927.0294193904156,2943.225784624499,1658544
2023-06-15,2940.068603515625,2968.5432011878183,2934.3096334323036,2966.577942883082,2273810
2023-06-16,2902.2236328125,2924.619450378722,2884.946948530458,2922.4256636412783,4156189
2023-06-19,2934.675048828125,2938.788566807641,2902.3154633249883,2916.027189923374,1468186
2023-06-20,2950.4892578125,2954.877054918367,2926.1281797146307,2937.965925601742,1528452
2023-06-21,2978.36962890625,2981.294752449042,2947.0611882584167,2970.8739300864027,1645987
2023-06-22,2960.361572265625,2987.007936549625,2952.68309515918,2980.015045726706,1529603
2023-06-23,2940.1142578125,2970.3255840143474,2933.5324504051714,2959.2649249571587,1119505
2023-06-26,2915.707275390625,2937.8745675991736,2900.487347535049,2929.7390320989075,1978803
2023-06-27,2922.745849609375,2933.9892862063707,2908.988373447767,2926.9963953304227,863542
2023-06-28,2939.29150390625,2953.460288680506,2919.1352202864086,2932.4813906976683,1575872
2023-06-30,3018.63671875,3025.721111079567,2938.057558489853,2943.45074854266,2672406
2023-07-03,2991.2587890625,3033.76513982982,2988.0136359285348,3029.6516220136277,1687264
2023-07-04,3024.66943359375,3030.291151438237,2995.829061409342,3007.4382769930016,1656681
2023-07-05,3034.81640625,3043.0891926066924,3021.150430028573,3034.8621566398974,1453008
2023-07-06,3037.51318359375,3042.586567379138,3018.4082659703854,3022.567534593457,1848238
2023-07-07,3043.317626953125,3068.592819620022,3018.4079910488003,3018.4079910488003,1789326
2023-07-10,2990.93896484375,3039.204288501629,2984.7686876958783,3039.204288501629,1407431
2023-07-11,2991.35009765625,3012.009187727315,2980.7464966348984,3012.009187727315,1110172
2023-07-12,2979.92333984375,3006.661203060888,2970.9651915603636,2999.1655048447924,1515240
2023-07-13,3053.647216796875,3078.23682351536,2991.6701688926455,3001.9539636829727,4585146
2023-07-14,3212.794189453125,3222.1183409737173,3064.113474251122,3075.9969692288264,6306101
2023-07-17,3191.815185546875,3245.016631990213,3178.423490549753,3208.54353407701,2743228
2023-07-18,3196.523681640625,3221.341818927721,3167.409024569964,3177.4642913146304,2600090
2023-07-19,3172.025146484375,3214.8057777866934,3149.7206041471604,3199.402849087036,2405370
2023-07-20,3174.08740234375,3188.3845460576213,3149.1129905127177,3164.7392268860317,1715404
2023-07-21,3087.020751953125,3148.058998813378,3078.543199020897,3119.785348420925,3770223
2023-07-24,3111.26123046875,3128.3995861923568,3090.502776080058,3098.659465414197,1680132
2023-07-25,3115.2939453125,3122.305243933692,3097.926465252558,3113.7818228908627,1272980
2023-07-26,3105.35009765625,3135.181959017552,3102.3256291018097,3116.393871751204,1066803
2023-07-27,3113.232177734375,3126.750437306845,3102.3718797194615,3111.44506274488,1701769
2023-07-28,3075.197265625,3110.298955097925,3052.8349496111605,3102.325519193569,2599831
2023-07-31,3135.73193359375,3140.4976478889985,3080.2382907228434,3083.446013157544,2743678
2023-08-01,3163.776611328125,3171.062678801949,3129.8205341354496,3129.8205341354496,1956167
2023-08-02,3153.328369140625,3158.5981985732005,3128.5374375079987,3148.104409062401,1914899
2023-08-03,3116.02734375,3146.546576146607,3086.7454652186043,3134.4030555367062,2026351
2023-08-04,3155.986572265625,3181.1442369080387,3117.2189097618743,3117.2189097618743,2248493
2023-08-07,3193.104248046875,3196.7243469805094,3153.8783426165933,3165.517747179838,1853889
2023-08-08,3180.777587890625,3198.5115758637803,3167.946698425561,3193.104361947542,1634225
2023-08-09,3173.354248046875,3177.4784629540836,3139.0316598474765,3175.5537398295282,1794589
2023-08-10,3154.657470703125,3175.5533110759743,3143.6136964143225,3161.89766861704,1096701
2023-08-11,3160.798583984375,3177.1578367440957,3128.9046082533378,3150.992161450759,1679974
2023-08-14,3161.760498046875,3166.480343065744,3126.1546889138212,3153.3744607157764,1190425
2023-08-16,3169.5966796875,3176.5621102267,3148.334104427348,3161.898234357217,1328445
2023-08-17,3148.837646484375,3171.795817712279,3128.1707054438275,3166.480118927022,1843241
2023-08-18,3085.920654296875,3125.2380760753504,3076.205748488831,3125.2380760753504,2526749
2023-08-21,3117.585693359375,3125.0093698966166,3090.411788339729,3093.1612650197467,1375579
2023-08-22,3099.71337890625,3126.1542630391086,3084.041499702141,3116.0728508745146,1222012
2023-08-23,3114.469482421875,3117.906328021546,3094.077531863827,3105.0754377827743,1330046
2023-08-24,3104.845947265625,3128.0332409176435,3096.0018884704064,3123.404911307284,1152881
2023-08-25,3098.9345703125,3103.058784480136,3070.477447805222,3093.1606257272215,1158046
2023-08-28,3093.665283203125,3110.5745195028617,3079.505523496938,3110.5745195028617,1037485
2023-08-29,3094.214599609375,3106.4957275474662,3083.9958025730525,3098.705544985246,944517
2023-08-30,3107.779052734375,3123.4970275682554,3100.5388541540133,3114.2403672286305,1188200
2023-08-31,3076.48095703125,3132.020248209701,3064.428950759541,3116.9898661423113,3417652
2023-09-01,3097.010009765625,3105.9916769517795,3076.4806765569438,3084.9123589907613,1277950
2023-09-04,3133.0283203125,3146.1800717696538,3088.6243217343977,3095.9103893566257,1828332
2023-09-05,3142.97216796875,3159.1481634938746,3120.7928808850024,3134.4028776179434,1501842
2023-09-06,3143.476318359375,3156.307208388253,3114.332047153296,3147.2340256547322,1314818
2023-09-07,3166.70947265625,3171.06281032939,3136.5111013373767,3144.301284541943,1885092
2023-09-08,3154.47412109375,3175.645178451275,3148.1962843578217,3166.709380330092,1518917
2023-09-11,3189.98779296875,3194.6161223232098,3157.3149426425757,3172.895306655616,1783604
2023-09-12,3281.77490234375,3290.114846064527,3192.1419316903975,3200.3903604544553,4476016
2023-09-13,3269.90625,3289.152583049449,3248.9643171569232,3272.884849162415,1754929
2023-09-14,3262.757568359375,3297.2634045513405,3249.514302983379,3271.9224888622016,2604721
2023-09-15,3297.813720703125,3306.1080193423236,3264.9573878973515,3269.906579718022,2952897
2023-09-18,3305.0078125,3317.05981755895,3276.6882968344953,3281.0875035527256,1395753
2023-09-20,3304.91650390625,3322.283985091515,3281.0418390696896,3281.0418390696896,1649396
2023-09-21,3285.8994140625,3303.9542650181074,3233.3843680953905,3288.8780136079395,2004073
2023-09-22,3302.716796875,3330.3032996737925,3267.3403346720384,3284.707815901169,1989083
2023-09-25,3278.429931640625,3317.7017112878607,3261.47482621001,3301.6630980426844,1238778
2023-09-26,3286.265625,3294.7431767877106,3240.716013118244,3269.677252510413,1726062
2023-09-27,3289.565185546875,3312.2024959846676,3258.770961052586,3290.2066852753064,1541134
2023-09-28,3241.403564453125,3301.937914832368,3232.788627869385,3299.3716920990314,1755753
2023-09-29,3233.9345703125,3270.456651403998,3212.80937967325,3241.816269233915,2243791
2023-10-03,3220.415771484375,3239.066250983437,3189.484163912358,3239.066250983437,1948148
2023-10-04,3242.3203125,3251.7143576425697,3186.9184032146622,3195.166833095943,1788138
2023-10-05,3289.61083984375,3321.3671999781254,3254.646533771023,3257.212756269939,2990768
2023-10-06,3318.984375,3331.402887606666,3276.5051007551597,3291.123104883123,2075691
2023-10-09,3334.51953125,3371.774850191395,3327.7832239861254,3340.6599843238896,4233074
2023-10-10,3325.8583984375,3343.3634886605696,3300.609217759891,3336.0774205452512,1848148
2023-10-11,3308.4453125,3345.1967415452978,3303.954589937205,3345.1967415452978,2426417
2023-10-12,3246.719970703125,3288.970133154656,3242.6416245572013,3276.4601022653933,4241281
2023-10-13,3272.65576171875,3278.2920983861704,3230.6345112695694,3235.2169715692426,2890357
2023-10-16,3229.763671875,3276.1380327446213,3225.2270812332767,3268.210466459233,1671104
2023-10-17,3214.183837890625,3239.0206408921194,3210.792861687819,3235.2172879726013,1672065
2023-10-18,3196.037109375,3228.5267099114812,3193.0585100186395,3217.8037969791744,1408245
2023-10-19,3175.270751953125,3194.750838771474,3171.8250136242077,3187.9971019140276,1514545
2023-10-20,3211.0146484375,3215.5629781222533,3164.612039380442,3170.446688296385,1481211
2023-10-23,3133.46240234375,3196.680258583494,3125.33059463688,3191.2130654023267,1106272
2023-10-25,3115.03955078125,3147.1078003867246,3103.1860758536272,3115.407006485019,1518537
2023-10-26,3066.01806640625,3099.9700309962845,3059.8157372092046,3094.778541475233,1984471
2023-10-27,3079.06591796875,3089.219405557149,3066.247815688342,3078.193042420122,1108851
2023-10-30,3104.4267578125,3108.377916282555,3063.261622377677,3078.1931563450225,910972
2023-10-31,3095.421875,3123.2174999999997,3078.2391698663882,3123.2174999999997,999811
2023-11-01,3060.412841796875,3098.0404842339485,3042.3572624846965,3082.787259328347,1563475
2023-11-02,3087.473388671875,3102.037240795796,3071.944460658224,3071.944460658224,1245384
2023-11-03,3079.01953125,3113.017479853767,3072.9551669090106,3107.596275079441,1402598
2023-11-06,3105.988525390625,3117.060876071951,3086.462674887097,3101.164491736812,1099852
2023-11-07,3096.9833984375,3127.9490531184615,3092.894500782051,3103.9208626386717,1191144
2023-11-08,3107.183349609375,3125.92807790879,3096.156986061027,3097.902737223406,992899
2023-11-09,3075.849609375,3116.325591826509,3070.887836157488,3115.039272646239,2112352
2023-11-10,3062.985595703125,3075.8496851503864,3052.786345097661,3067.1664696398684,1338557
2023-11-13,3061.23974609375,3083.705913859629,3057.058872291712,3083.705913859629,1030990
2023-11-15,3128.08740234375,3136.081470807579,3083.7522335870945,3108.6075388652434,2059802
2023-11-16,3214.046875,3242.991076076638,3137.183806430668,3151.7478830543773,3951984
2023-11-17,3218.2734375,3238.534422647094,3209.1767785353018,3214.0467999770926,2021292
2023-11-20,3234.0322265625,3247.1717958060967,3207.9823552979888,3207.9823552979888,1475621
2023-11-21,3225.394775390625,3251.904078434434,3216.941275630958,3234.0322273250904,1807236
2023-11-22,3243.72607421875,3246.023233095817,3198.6559965162287,3216.022427894088,1798051
2023-11-23,3223.603271484375,3256.45264566112,3216.022646674357,3243.588555074423,2729804
2023-11-24,3176.603271484375,3220.2033021073066,3172.835841192993,3210.738962666845,1989733
2023-11-28,3188.594482421875,3198.7939582765516,3154.4587888727906,3176.6034917170814,1689195
2023-11-29,3228.657470703125,3232.5626416032997,3193.786636590313,3198.5646831782506,1441634
2023-11-30,3204.62841796875,3231.321223058578,3198.5638291631694,3215.5168157957996,3266235
2023-12-01,3226.727294921875,3231.5973169040535,3206.8799756151684,3216.022623635975,1172141
2023-12-04,3227.4619140625,3259.943827094705,3214.184381936603,3257.049272597595,1625213
2023-12-05,3245.058349609375,3250.938986137575,3218.595036568669,3250.938986137575,1377656
2023-12-06,3311.676025390625,3319.7160810042337,3239.1315727028823,3245.97728523371,1896572
2023-12-07,3321.599365234375,3335.979712694237,3300.2817782561006,3312.5027068954923,1967653
2023-12-08,3332.442626953125,3349.257875970475,3309.792728580914,3338.231512592795,1641155
2023-12-11,3347.327880859375,3356.608492292705,3321.6916779737553,3328.950610165191,1102503
2023-12-12,3374.1591796875,3398.3251133631525,3336.3937952739866,3343.698716167012,2236866
2023-12-13,3301.98193359375,3353.851732647353,3273.9106091568547,3347.925108013577,3850968
2023-12-14,3369.702392578125,3379.580175854481,3333.269542133453,3335.4747249461025,3290396
2023-12-15,3547.732177734375,3579.8464140417323,3369.196944540151,3369.196944540151,8531230
2023-12-18,3546.07861328125,3610.215342004062,3519.385578930203,3545.0679978482985,2521612
2023-12-19,3506.5673828125,3542.3113130556862,3482.4932002785463,3533.030700546441,2004435
2023-12-20,3473.35009765625,3582.4651407823453,3460.945440121915,3516.7204109839868,2586083
2023-12-21,3480.19580078125,3497.8379366079334,3439.6280635557396,3451.481313976124,1517562
2023-12-22,3513.734375,3533.903385973376,3456.7648323091003,3491.681648797071,2413058
2023-12-26,3487.592529296875,3522.9227872920933,3482.6305316170315,3509.9209580263773,1285231
2023-12-27,3501.97314453125,3508.4051901666885,3462.2782791903614,3490.7630527187325,1293976
2023-12-28,3491.589111328125,3526.5978982793413,3484.42215593002,3513.7338100625852,1682889
2023-12-29,3485.6171875,3512.4481848321616,3459.889005984073,3484.3308681569797,1574996
2024-01-01,3501.880615234375,3521.084771777752,3466.871827744639,3482.492506533841,825907
2024-01-02,3476.24462890625,3501.881057224548,3461.588799764739,3501.881057224548,1344068
2024-01-03,3392.214111328125,3465.815162750429,3387.8954980179637,3461.3585853248583,1803075
2024-01-04,3369.2890625,3417.253697114489,3354.770972886529,3401.403300159602,3598144
2024-01-05,3434.619873046875,3443.6707684816074,3376.6857073845927,3376.8234471802834,1963127
2024-01-08,3379.85595703125,3436.320079253609,3374.4345273007075,3434.620091894895,1067805
2024-01-09,3390.5146484375,3447.897858716544,3383.944863545508,3408.937908160742,1370944
2024-01-10,3411.786376953125,3426.671921717854,3388.7687999719633,3390.606527086916,1292227
2024-01-11,3432.460693359375,3466.8720875812282,3406.227094795551,3421.847774755498,1777909
2024-01-12,3567.763671875,3588.392115065258,3511.5292637762777,3535.787173361786,6813450
2024-01-15,3587.059814453125,3643.2942226577734,3569.7851336760277,3638.6999045964144,2801505
2024-01-16,3548.0078125,3582.6489229025124,3542.7243471738425,3582.6489229025124,1432672
2024-01-17,3569.41748046875,3592.7105371518787,3503.213316001241,3509.139941106088,3458696
2024-01-18,3585.95703125,3591.6539404750943,3548.6510808536727,3581.7301691267776,2239110
2024-01-19,3648.365966796875,3667.33389806662,3622.4585484772238,3650.1701882508987,2941975
2024-01-23,3569.90380859375,3639.9000178846713,3555.5622006022504,3608.5336236676276,2618854
2024-01-24,3554.68310546875,3593.4053099998555,3521.1885578051592,3590.028183123641,2657709
2024-01-25,3525.537353515625,3572.448244885673,3496.298888503896,3552.925062591193,2205154
2024-01-29,3516.93212890625,3534.51216322596,3498.288130235622,3516.7471210923645,1646747
2024-01-30,3516.51611328125,3560.2348866740044,3503.9787267378097,3522.9003517362453,1411621
2024-01-31,3530.7646484375,3547.4657255271886,3512.7219823843493,3526.3696400399376,2459358
2024-02-01,3566.10986328125,3613.067060107317,3520.6794891794907,3534.512155183783,2363107
2024-02-02,3669.878662109375,3686.625823288954,3582.626126302747,3585.448229768175,2826510
2024-02-05,3676.355224609375,3721.4155819266507,3665.992302479133,3685.3302493321357,1691523
2024-02-06,3826.895751953125,3839.7568441271724,3691.807072121124,3698.2839266336173,4474396
2024-02-07,3778.2265625,3844.4756189999935,3769.482854466062,3842.625089219488,2124267
2024-02-08,3825.137939453125,3847.2516815117974,3780.6789132023487,3784.333664594337,2345173
2024-02-09,3824.76806640625,3872.0026633870466,3793.586455555742,3827.4047101937194,2100596
2024-02-12,3812.739501953125,3848.7322185445555,3798.7213763754216,3821.3442853665883,1013716
2024-02-13,3839.387451171875,3858.3553853203325,3776.469425703822,3817.1350067037893,1257415
2024-02-14,3793.67919921875,3807.372940800221,3746.8606988444094,3800.063437499442,1391283
2024-02-15,3796.547119140625,3836.425674906847,3777.8565874411574,3819.4935079493257,1091582
2024-02-16,3819.771484375,3837.9533038448403,3793.679281317608,3805.846426237156,1307556
2024-02-19,3797.1025390625,3819.7715328328027,3751.9497852480945,3814.913891310595,772291
2024-02-20,3729.419189453125,3791.7358760164275,3710.3125580346205,3777.024253238986,1193648
2024-02-21,3693.1953125,3759.6756942779607,3683.1100141804095,3713.088510350119,1885939
2024-02-22,3781.650390625,3788.9135847979874,3674.2270417559253,3674.2270417559253,2982052
2024-02-23,3749.266357421875,3821.344409805824,3743.9921662615307,3821.344409805824,2538072
2024-02-26,3702.03173828125,3747.3234168691433,3685.0993428482916,3734.3697062923115,1379284
2024-02-27,3797.65771484375,3815.792999866402,3700.1348706269982,3700.1348706269982,2960475
2024-02-28,3811.120361328125,3844.3833662089555,3783.408494524996,3789.5153337368693,1939225
2024-02-29,3789.052734375,3828.8391287714094,3760.785843874876,3792.661177462347,3772719
2024-03-01,3788.358642578125,3830.5968972344103,3781.37284701895,3800.248387556673,2043265
2024-03-04,3775.72900390625,3810.1488182185494,3771.287686534873,3798.2129895593343,1749271
2024-03-05,3712.256103515625,3760.277270624591,3682.555004204201,3758.4267404717248,2070859
2024-03-06,3760.553955078125,3767.6784492063703,3662.6145808674564,3695.5540997105545,1744204
2024-03-07,3801.54345703125,3815.792446127852,3735.9420401097086,3761.2018170489137,2688905
2024-03-11,3814.265869140625,3842.625148103546,3783.4081942199373,3783.4081942199373,2304068
2024-03-12,3878.942138671875,3913.824809369905,3813.063090933948,3814.2662064898195,4039801
2024-03-13,3838.92431640625,3924.048692667849,3823.102195243199,3890.7391541307015,2837260
2024-03-14,3893.14501953125,3909.244539822552,3780.6327076248394,3843.0420112308407,2919608
2024-03-15,3903.924072265625,3922.1980547097196,3864.831628809271,3879.265852135675,3373143
2024-03-18,3842.16259765625,3936.770936153626,3810.102258391326,3900.222971648527,1526904
2024-03-19,3680.056640625,3754.725483197155,3670.1563500054817,3748.4799442588646,8931209
2024-03-20,3674.134521484375,3717.7145912468923,3664.2342316393506,3688.106112670511,1817913
2024-03-21,3676.031494140625,3708.8320928330704,3652.946177836041,3691.853615815909,3829582
2024-03-22,3618.619140625,3643.693914856103,3566.896912587679,3605.7580462656765,5852485
2024-03-26,3587.71484375,3651.7431331132784,3582.1169456233524,3585.4016813749195,3440925
2024-03-27,3553.850341796875,3603.907269973938,3543.2097940164645,3597.8930473154446,1968575
2024-03-28,3586.604736328125,3622.412446366123,3553.4802044110074,3562.3628386987034,4311783
2024-04-01,3624.03173828125,3639.3449194194973,3597.4766775972653,3606.405394611388,1569676
2024-04-02,3593.544189453125,3617.6473874613553,3583.5512824485972,3599.2807871740365,2142666
2024-04-03,3652.298583984375,3683.4799693421774,3563.195519200383,3563.195519200383,3973090
2024-04-04,3704.113525390625,3727.5688582731514,3641.1491951647313,3678.761128130228,3394637
2024-04-05,3681.8603515625,3702.9101280274235,3664.511634695805,3680.7037704380537,1636819
2024-04-08,3675.66162109375,3731.269913572256,3664.049499848355,3685.3305954282823,2302538
2024-04-09,3651.604248046875,3715.7251510025535,3631.7110526327383,3686.2553734846415,1876992
2024-04-10,3686.85693359375,3691.992199302218,3625.1881143494634,3660.7181984660388,2101965
2024-04-12,3702.35498046875,3713.412077038102,3650.632761520108,3674.2270171071723,4354821
2024-04-15,3646.654541015625,3760.462141264771,3626.1600106782666,3702.3554514057623,4200329
2024-04-16,3583.366455078125,3635.088679921969,3574.160113204175,3610.3841487881004,3051420
2024-04-18,3573.37353515625,3641.843147171155,3562.270354829509,3587.0675027381876,3476284
2024-04-19,3540.248779296875,3564.6296015885387,3516.8395304016394,3551.1669511103,2957749
2024-04-22,3575.779296875,3588.1777578205415,3527.1102663259167,3550.2418918920625,1728883
2024-04-23,3585.12451171875,3603.9074377672014,3572.0784098044014,3587.2989749852045,1807586
2024-04-24,3544.736328125,3606.6827712829886,3538.6294891035577,3599.280651690822,1317312
2024-04-25,3564.3056640625,3584.1525524444287,3526.1847925650745,3526.369800379696,2856271
2024-04-26,3535.76171875,3587.0676210226866,3518.366690485543,3567.0354969857567,2039178
2024-04-29,3580.96044921875,3587.9925533633923,3533.7719356498687,3551.1669623012726,1110693
2024-04-30,3535.113525390625,3591.6473055453566,3525.2595437954037,3582.62597206714,2203078
2024-05-02,3574.576416015625,3581.7935283890847,3495.6975726397995,3495.6975726397995,2491044
2024-05-03,3556.163330078125,3602.6118127416667,3513.786374753984,3599.419467848168,2962234
2024-05-06,3628.01025390625,3645.497671472227,3565.0459275516187,3565.0459275516187,2053831
2024-05-07,3681.5830078125,3689.956700971341,3621.0244606949204,3637.031589857526,2062112
2024-05-08,3679.732666015625,3686.533454251881,3644.248888132834,3664.974734166066,1247685
2024-05-09,3664.234130859375,3674.227037283015,3617.832184974583,3665.8996529124415,1726486
2024-05-10,3602.888916015625,3676.632709512435,3594.7004571596035,3666.4547955777916,1672489
2024-05-13,3652.76123046875,3659.423093323152,3580.7755679293546,3594.191910496532,931326
2024-05-14,3609.6435546875,3650.9104615516194,3601.963810472638,3641.8428199206287,1058317
2024-05-15,3590.39794921875,3633.469076951638,3585.8642414130813,3612.696924421978,1115021
2024-05-16,3635.646484375,3643.6150446878205,3582.103702329617,3626.466519045034,2599399
2024-05-17,3573.343017578125,3653.4008690771816,3569.5217674912255,3652.4688790595596,2765804
2024-05-21,3560.38818359375,3583.2685838009415,3550.928576025766,3570.0810162003927,1908117
2024-05-22,3571.385498046875,3580.0064051076615,3557.91828874032,3574.1814679044273,1311168
2024-05-23,3628.65673828125,3639.421269232788,3565.3280577336823,3579.727258989388,2095742
2024-05-24,3587.6953125,3619.6626132920987,3582.8490102673554,3614.490023562313,1309452
2024-05-27,3585.412353515625,3642.5433888673538,3580.100055758464,3592.821628877189,1841538
2024-05-28,3578.74853515625,3606.8015269359616,3569.5219245903704,3595.617646232284,1801993
2024-05-29,3544.963623046875,3587.1361699587314,3541.5619506089633,3587.1361699587314,1568095
2024-05-30,3482.007568359375,3536.3423976866447,3462.761840336341,3520.125864385607,2919230
2024-05-31,3421.288330078125,3494.7758258285726,3405.258149060957,3485.642279161951,10956800
2024-06-03,3451.01953125,3496.407402277088,3444.635308238204,3478.9325884163013,2156773
2024-06-04,3462.343017578125,3490.3027189313802,3347.242247007224,3448.363166901497,3395997
2024-06-05,3491.65380859375,3526.4637252968946,3448.3629196102897,3463.274759262659,2799670
2024-06-06,3569.894775390625,3578.7486813092887,3487.0409468085227,3523.8545556282306,4328036
2024-06-07,3629.1220703125,3648.74050345654,3576.324932841619,3576.324932841619,4552445
2024-06-10,3596.269775390625,3640.259657979909,3580.6122978489143,3630.101057972248,1734661
2024-06-11,3590.11865234375,3616.0744364710417,3579.7734726681783,3583.5014325459897,1419898
2024-06-12,3571.059326171875,3628.7029976160984,3567.145013751887,3610.901897932011,2177001
2024-06-13,3614.39697265625,3625.441145308923,3590.0255248663166,3594.4991224295495,1932323
2024-06-14,3571.432373046875,3624.50915875349,3567.6577679887782,3624.50915875349,1860730
2024-06-18,3555.63525390625,3580.70569469464,3536.948808300375,3565.840499225813,1774045
2024-06-19,3543.146728515625,3573.1103468443935,3534.9918151156457,3567.331826177377,1509050
2024-06-20,3529.679443359375,3550.835572745243,3522.9691602662183,3537.8343565891314,2846526
2024-06-21,3551.5810546875,3614.071032548509,3539.7448266543074,3566.7258928791084,4642195
2024-06-24,3557.2197265625,3594.685681678317,3533.453979898565,3549.7171610298915,1702154
2024-06-25,3577.396484375,3585.970745703753,3534.944300130395,3557.4053470960434,1338808
2024-06-26,3593.613525390625,3603.9584772724033,3579.7733836736766,3583.035348485668,1639845
2024-06-27,3666.587890625,3673.9041021881344,3558.430647220754,3570.453225642502,4526556
2024-06-28,3638.62841796875,3690.6801469139846,3632.757063400671,3651.3502171183336,2731571
2024-07-01,3707.642578125,3729.544343158271,3619.849165498956,3619.849165498956,2658723
2024-07-02,3744.176513671875,3749.7684536400434,3711.6967988787364,3721.9953338274368,2307449
2024-07-03,3695.5732421875,3752.2849230860397,3686.0203449597284,3746.599693233403,1821198
2024-07-04,3747.485107421875,3772.0897796971713,3711.2774328068517,3727.820255141,2518001
2024-07-05,3738.957763671875,3752.8909695446164,3716.776354763502,3737.2801360585863,1668616
2024-07-08,3721.62255859375,3757.0848248979423,3707.503000592041,3748.4639170826727,1758882
2024-07-09,3714.446044921875,3734.437184375931,3704.753440197671,3713.9800499344306,1305801
2024-07-10,3643.288818359375,3731.03581821931,3636.6251805066217,3712.7687221974984,2669716
2024-07-11,3656.849365234375,3709.320451296474,3630.660580982128,3663.652938202623,4872189
2024-07-12,3899.39990234375,3914.3117429549025,3701.2120841991746,3709.3203520241623,13509164
2024-07-15,3885.65283203125,3951.637541017052,3874.3287896416814,3947.630166106164,4848030
2024-07-16,3894.2734375,3909.27811105421,3863.0049028468607,3888.2619205264737,2029521
2024-07-18,4022.048828125,4030.856314703166,3877.077981309866,3877.077981309866,5613364
2024-07-19,4019.106689453125,4071.746392777355,4003.086029171015,4033.11900855646,3903354
2024-07-22,4005.047607421875,4035.5011370254547,3984.169161970746,4016.818045996283,1896386
2024-07-23,4019.060546875,4074.5027192991724,3985.38399641182,4000.9845622844437,2365208
2024-07-24,4022.703369140625,4053.390439914128,3987.0654612879484,4005.1879698555426,1809793
2024-07-25,4037.88330078125,4057.0334702817745,3992.763815580868,4012.1940490122543,2810342
2024-07-26,4098.93017578125,4131.252014771132,4051.474850472995,4063.5723344725097,3552210
2024-07-29,4092.62451171875,4139.23873164348,4083.18945971872,4124.29225913021,1746803
2024-07-30,4077.912109375,4108.412167596899,4042.3672511181926,4101.96659171143,1797906
2024-07-31,4096.595703125,4123.359146002476,4058.9024670096874,4063.5732408497443,2330091
2024-08-01,4107.57080078125,4128.308756789134,4077.6308756871877,4109.719173657026,2202244
2024-08-02,4001.031005859375,4108.412268405413,3988.840469779698,4077.585164072221,2811282
2024-08-05,3881.459228515625,3959.8816965119863,3839.8428198897195,3959.8816965119863,2787771
2024-08-06,3896.545654296875,3977.863625691211,3886.830082040627,3896.312115658603,2203067
2024-08-07,3923.869873046875,3965.439752757732,3905.0462929478185,3949.6056498315265,1237666
2024-08-08,3897.806396484375,3953.3420670954206,3886.082939299846,3905.700184906889,2441283
2024-08-09,3950.30615234375,3973.56650999584,3928.6335837883744,3939.329836106082,1302536
2024-08-12,3919.38525390625,3959.8809428850636,3910.69779947016,3951.4735523481527,936912
2024-08-13,3920.6005859375,3955.210833666653,3907.5689459677865,3935.593585790649,1495593
2024-08-14,4012.42724609375,4022.6564206521393,3912.379204677013,3931.8564178589354,3226545
2024-08-16,4125.27294921875,4135.502123822571,4040.3118679924623,4063.5722246731834,3457058
2024-08-19,4194.35400390625,4198.32416081418,4101.265592573427,4129.897338812813,2055210
2024-08-20,4225.4609375,4264.415363248319,4203.69531974095,4208.366092318441,2212298
2024-08-21,4251.80419921875,4259.744512454685,4196.735609089243,4220.510023524182,1896990
2024-08-22,4205.5634765625,4260.632065710095,4201.079717502441,4259.744436500444,1829872
2024-08-23,4169.97216796875,4209.300163518819,4161.658284171403,4203.69523653677,1809253
2024-08-26,4205.984375,4252.411582886306,4189.683195499672,4193.419813734232,1844164
2024-08-27,4201.03369140625,4213.037670451652,4191.365099096131,4208.366896981085,930697
2024-08-28,4209.34716796875,4262.080377779873,4163.807131055486,4202.528021816373,1848058
2024-08-29,4214.71875,4256.008567811444,4166.329721782055,4166.329721782055,2133641
2024-08-30,4253.9072265625,4289.872184722842,4192.299537859112,4203.696408351633,3637222
2024-09-02,4223.35986328125,4285.901701999436,4214.905945819847,4274.691845760554,1216500
2024-09-03,4215.232421875,4255.914670528628,4199.865396904255,4223.35929287244,1717263
2024-09-04,4184.31201171875,4191.551709902781,4144.563915753981,4182.163638580721,1265505
2024-09-05,4181.22900390625,4202.761082613176,4160.864162190618,4185.946301664735,1688793
2024-09-06,4163.29345703125,4221.398054814522,4147.646367693666,4179.361098385194,1649179
2024-09-09,4156.5673828125,4194.587657162911,4138.771920285124,4161.658707791496,1184938
2024-09-10,4211.0283203125,4241.014770036182,4148.06640023814,4149.934709178804,1385591
2024-09-11,4184.40576171875,4249.796587828451,4176.839017757158,4223.733764076483,1325919
2024-09-12,4220.22998046875,4234.14879133681,4139.518666509012,4213.270346969656,2742216
2024-09-13,4224.80712890625,4247.600406919028,4208.365918885027,4231.719780810027,1458786
2024-09-16,4216.07373046875,4246.713822399725,4198.511804432986,4228.918357687261,1155120
2024-09-17,4208.97412109375,4237.138794663336,4171.934977688061,4216.07378818868,1699364
2024-09-18,4059.97509765625,4200.938906894399,4036.481205471572,4200.938906894399,2961779
2024-09-19,4013.26806640625,4131.018523683511,3999.86285709495,4100.985089340959,2927551
2024-09-20,4002.759033203125,4045.5435884044587,3949.1386493323726,4032.651980992276,5447908
2024-09-23,3987.4384765625,4025.645304322396,3972.9590818367838,4016.8643432631484,1702319
2024-09-24,3990.05419921875,4008.457226546826,3960.815343872883,3971.69815329688,3012026
2024-09-25,3993.27734375,4007.149630672786,3960.8154716650097,3972.352372106861,2713073
2024-09-26,4009.858642578125,4032.5584170310385,3979.4986179109637,3979.4986179109637,3964251
2024-09-27,4024.9912109375,4089.727927845844,4016.910410543293,4049.5592889930867,3012477
2024-09-30,3987.4384765625,4015.696650140107,3979.544688598688,4004.6268281076473,2503416
2024-10-01,4005.56103515625,4012.894239291183,3963.57106357887,3975.3410455094427,1823365
2024-10-03,3954.04296875,3997.247619935326,3932.7909511399207,3981.9275753897014,3350119
2024-10-04,3972.2587890625,4014.9963608420544,3945.9154476118897,3946.803076909651,2965463
2024-10-07,3991.502197265625,4014.295476129203,3950.9130012728624,3992.4828770510344,1472619
2024-10-08,3973.193603515625,3997.6216584676604,3927.139957800244,3991.2695887587247,1541867
2024-10-09,3972.9130859375,4012.1941053785968,3967.0746195443417,3979.4986935769084,1082504
2024-10-10,3949.044677734375,4011.119427271969,3922.1412103434836,3973.1926630034595,2378875
2024-10-11,3875.994384765625,3962.6372224848437,3841.6642037825386,3870.2024438892004,5759183
2024-10-14,3864.270751953125,3891.12769821191,3850.7724909029175,3867.4002612649715,2137590
2024-10-15,3845.727294921875,3895.377974493319,3825.3629080466067,3859.0389973491433,2759474
2024-10-16,3825.31640625,3844.0462519484536,3799.393615608063,3816.0216134166303,2359151
2024-10-17,3838.44140625,3858.0121283615904,3823.4481787021273,3841.9910114211275,2522659
2024-10-18,3860.96240234375,3882.594110124687,3820.649118439755,3830.013454514362,2361000
2024-10-21,3820.508544921875,3876.788293233767,3811.2845829224775,3869.905415130514,1595450
2024-10-22,3760.248779296875,3829.8258351822333,3751.6805040836334,3807.538671802041,1928049
2024-10-23,3807.77294921875,3852.0660735451916,3741.192431901251,3745.359744124965,1966476
2024-10-24,3790.58935546875,3819.7125309359994,3749.480013206115,3749.480013206115,2676744
2024-10-25,3799.6259765625,3831.886066466202,3776.3555115186805,3799.15775978996,1759676
2024-10-28,3830.8095703125,3871.2165896142315,3793.492599063196,3810.301536837586,1532534
2024-10-29,3816.20068359375,3842.654930403522,3802.013807284174,3835.4913054593726,1445885
2024-10-30,3825.0029296875,3845.9323094526803,3801.96680320989,3815.966438037417,1935002
2024-10-31,3716.189697265625,3819.0570147766425,3708.276879446656,3811.284570542396,3740372
2024-11-01,3730.938720703125,3744.7511163671993,3723.3068782763153,3736.2297077405597,154895
2024-11-04,3712.1630859375,3738.149117791104,3664.49870814831,3714.176555308054,2269192
2024-11-05,3718.905517578125,3732.624177811658,3690.578402330056,3690.578402330056,967590
2024-11-06,3876.50732421875,3886.0120339656723,3722.5577293084234,3749.105713751395,3792017
2024-11-07,3887.041748046875,3938.451856070285,3825.377738858535,3904.6469723028927,3724349
2024-11-08,3883.389892578125,3904.6937556251837,3855.90547671498,3890.8813609023655,1648039
2024-11-11,3931.803955078125,3965.1406255782304,3855.9057371461695,3865.7853860118053,1406487
2024-11-12,3930.586181640625,3949.8768046624846,3899.6372349991407,3948.0039375194488,1587640
2024-11-13,3886.52685546875,3929.9772782781292,3868.4534146320793,3912.512885008803,1098813
2024-11-14,3882.359619140625,3895.5634231532636,3854.781926464299,3872.152585273737,1825432
2024-11-18,3763.99462890625,3945.1945196123975,3736.557080351516,3945.1945196123975,3313944
2024-11-19,3782.77001953125,3869.483625120444,3758.93783249858,3764.3689639428794,1776233
2024-11-21,3813.953857421875,3832.3078196666033,3768.2089824757763,3787.7803541816875,2384347
2024-11-22,3974.78564453125,3984.47782250728,3796.3013316206793,3812.220700796198,3096553
2024-11-25,4040.80419921875,4052.977834453394,3981.902624801247,4007.935292636629,4052167
2024-11-26,4076.014404296875,4089.0307389004984,4036.0285097141345,4046.3759173117037,2060669
2024-11-27,4057.145263671875,4099.1444026279705,4049.1855779681123,4081.8674768285296,1558993
2024-11-28,3975.06640625,4064.0746832827954,3963.92293923487,4044.4562188885902,2558544
2024-11-29,3999.3671875,4025.4469524620627,3928.9472039488446,3951.749451593235,2017425
2024-12-02,4004.798095703125,4015.6141765940843,3961.160204686829,3998.5709045953686,1670944
2024-12-03,4029.2392578125,4050.074903268622,3994.3104710236757,4040.1019779033772,2010905
2024-12-04,4077.606201171875,4108.087387887844,4016.4101765929463,4039.352798807075,3302642
2024-12-05,4180.2861328125,4203.65033349106,4082.850401875924,4121.056708977947,3746747
2024-12-06,4162.9150390625,4181.175491938829,4132.246842565077,4169.93829016878,1842087
2024-12-09,4169.14208984375,4185.295566844141,4134.868534150862,4148.821758339719,2066639
2024-12-10,4150.7880859375,4208.144637237795,4131.63829540013,4144.795003046134,2087828
2024-12-11,4146.01318359375,4165.86530184749,4126.862933306924,4150.13340004317,1635256
2024-12-12,4171.7646484375,4199.904292516949,4144.654715424752,4148.447088243233,1914642
2024-12-13,4189.51025390625,4209.175359798749,4115.063781598932,4153.036438989519,1967048
2024-12-16,4134.5419921875,4190.540540988883,4117.498717034216,4175.557602741771,1646224
2024-12-17,4053.352294921875,4151.162954243801,4043.519743438294,4129.6716231039545,3225027
2024-12-18,4071.47314453125,4084.72358925596,4016.9258843125067,4037.621159466414,1575404
2024-12-19,4000.350341796875,4086.5959621440575,3991.0797412140178,4009.808411984614,3015763
2024-12-20,3905.208740234375,4103.45191021329,3888.5404055592617,4053.8209309249955,4116989
2024-12-23,3893.9716796875,3948.940515239312,3853.3305526486893,3933.067782725499,2195338
2024-12-24,3913.82421875,3949.876912235315,3893.971643595964,3893.971643595964,1181886
2024-12-26,3904.085205078125,3932.9742715466155,3879.784571556427,3913.824022550346,1208464
2024-12-27,3900.10546875,3915.1821407656116,3883.624146371002,3898.372975186565,858100
2024-12-30,3894.439697265625,3932.3652563563705,3850.6147896579423,3887.135698411994,1527169
2024-12-31,3834.508056640625,3876.7881676077986,3775.746852751546,3872.1526387464664,1555429
2025-01-01,3851.036376953125,3871.216337275171,3825.752442210114,3834.1334768483284,763161
2025-01-02,3910.312744140625,3917.1018879818557,3836.5219567358895,3858.106569085643,1720835
2025-01-03,3839.283935546875,3914.245717822352,3832.1671775259365,3914.245717822352,1791953
2025-01-06,3834.695556640625,3885.871560960142,3807.9134644789865,3844.52810934996,2085593
2025-01-07,3772.2353515625,3877.162777576041,3756.5500894487573,3853.3774566252837,2669054
2025-01-08,3847.2431640625,3863.724484528945,3762.3555617344086,3778.4153042435764,2181277
2025-01-09,3782.11474609375,3874.727933015094,3769.4260257292876,3840.3139999504324,2392472
2025-01-10,3994.497802734375,4023.8550868693414,3904.928022398221,3933.0210297536037,7894300
2025-01-13,4018.330078125,4048.155577994656,3958.6790783856877,3975.160400233359,4003771
2025-01-14,3963.969970703125,4039.680716861343,3950.859900623536,4028.5372487422837,3441709
2025-01-15,3979.468017578125,3985.882678702443,3939.9974357665556,3949.8766266035373,1653474
2025-01-16,3938.92041015625,4021.0458185510897,3925.3892191834284,3989.207076624975,2637705
2025-01-17,3933.1982421875,3967.8165423249693,3910.071878467617,3967.148790924069,1761466
2025-01-20,3888.85302734375,3953.70197855909,3879.6025285384753,3953.70197855909,1287799
2025-01-21,3848.84716796875,3920.514965783352,3843.2681372189027,3905.5424789112035,1971591
2025-01-22,3964.001708984375,3970.2480248109573,3856.8096861084223,3862.3409864324167,2409223
2025-01-23,3953.368408203125,3997.141512526167,3948.218247742152,3974.8733548946852,1822998
2025-01-24,3959.948974609375,3984.4103764893116,3913.839201798022,3913.839201798022,1910099
2025-01-27,3876.7890625,3963.7634492210204,3853.8058882600144,3911.9316916717908,1551782
2025-01-28,3853.090576171875,3911.9316269694687,3841.6466026166254,3882.1773422914675,2468272
2025-01-29,3909.83349609375,3917.5107746444246,3866.155848644477,3866.155848644477,1217089
2025-01-30,3910.07177734375,3938.5387545651533,3870.447205350259,3909.9288208062503,1531251
2025-01-31,3921.849853515625,3937.1564483563893,3895.9579550966228,3919.5611518137493,1492943
2025-02-01,3884.41845703125,3944.260904282812,3868.0632040212854,3922.4220804091583,437172
2025-02-03,3880.126708984375,3888.089900145153,3813.417928344931,3844.125876575624,1265713
2025-02-04,3916.74755859375,3928.0010789730964,3877.6475473199966,3894.4796324423637,2547132
2025-02-05,3901.537109375,3957.7078578894043,3887.136681628244,3957.7078578894043,1693912
2025-02-06,3893.57373046875,3947.6941907477535,3863.819444687176,3915.174138224137,2284536
2025-02-07,3842.695556640625,3900.487717170586,3822.2872299314695,3900.487717170586,1548940
2025-02-10,3849.895751953125,3864.2484488532355,3828.3430745365245,3852.8044751646275,1339511
2025-02-11,3779.896728515625,3852.804328210295,3771.7428510078503,3832.2050832252044,1810908
2025-02-12,3767.117431640625,3835.399897535905,3757.5807873998447,3787.0968875876433,1678002
2025-02-13,3728.970947265625,3799.828262299615,3721.4370912596387,3784.1405286996596,2277310
2025-02-14,3752.526611328125,3765.067205571011,3719.29131249416,3743.132923471687,1681975
2025-02-17,3723.5830078125,3751.7161103174226,3677.520966298114,3677.807112211271,1799806
2025-02-18,3693.733154296875,3742.5607282734563,3685.4363200281987,3717.765452216856,2149879
2025-02-19,3608.761962890625,3695.402243866394,3593.5508277041968,3692.779666465734,4366672
2025-02-20,3604.279541015625,3612.4811488989126,3577.4817080927064,3587.209039488717,2888572
2025-02-21,3610.57373046875,3640.137329423988,3600.0834211620527,3601.1325452240194,1833931
2025-02-24,3505.289306640625,3588.8301766028944,3499.9486923438976,3569.7091569360205,2508516
2025-02-25,3461.373046875,3488.504755446709,3453.4575849265707,3457.033826816381,4101954
2025-02-27,3445.16064453125,3469.4313588459286,3433.8596273751255,3444.349936596485,3823856
2025-02-28,3321.851806640625,3433.192134904543,3296.8181139902795,3418.83943788603,7085018
2025-03-03,3331.197998046875,3359.9986208488913,3315.0809274786084,3323.5209518650067,4990439
2025-03-04,3368.390625,3386.462520072022,3303.7798574035824,3313.030356161702,2797737
2025-03-05,3382.69580078125,3433.526166541638,3357.7098367858857,3357.7098367858857,2501894
2025-03-06,3434.71826171875,3442.204388576499,3372.253235052136,3392.184730582395,2786513
2025-03-07,3443.873046875,3457.0336629714075,3408.778148227326,3433.192051502639,2051315
2025-03-10,3423.321533203125,3454.268131170074,3416.598385027634,3439.3908724736634,1004626
2025-03-11,3409.636474609375,3422.46321459512,3373.7308692128186,3393.138033446029,1995450
2025-03-12,3343.73828125,3403.8668719856255,3325.285013656077,3399.8137980328515,3174167
2025-03-13,3348.36376953125,3360.999824081682,3322.662557973568,3340.019205205493,1693004
2025-03-17,3335.632080078125,3366.864590627224,3316.2251483346326,3327.3352459788202,2690906
2025-03-18,3335.632080078125,3335.632080078125,3335.632080078125,3335.632080078125,0
2025-03-19,3335.06005859375,3382.647821765271,3302.301591434365,3382.647821765271,3051244
2025-03-20,3398.049560546875,3413.117506170413,3349.269714639503,3349.269714639503,2845192
2025-03-21,3412.306884765625,3448.6890906480107,3304.4473416095007,3313.98398617403,4161925
2025-03-24,3460.80078125,3480.6370496480163,3401.33993867541,3433.1922402172363,1834751
2025-03-25,3488.266357421875,3538.0953280117983,3469.4314833711383,3476.1071349334247,3135390
2025-03-26,3467.333251953125,3509.9620062788417,3457.8443372465335,3478.7294955586594,1734499
2025-03-27,3482.019775390625,3493.2730630548403,3443.2056768112207,3447.354210516991,2528474
2025-03-28,3439.056884765625,3491.3177419988115,3425.467166663208,3481.8288275034715,2051919
2025-04-01,3386.27197265625,3417.933587672838,3361.667381848982,3407.1571321951615,2618493
2025-04-02,3379.7392578125,3398.955737182192,3366.4834143953553,3379.7869876031436,1764313
2025-04-03,3245.46337890625,3339.733211605574,3238.7877271411903,3329.2429016890515,4537821
2025-04-04,3146.5205078125,3242.1253724074613,3142.80130945332,3206.7922895105216,5317367
2025-04-07,3122.34521484375,3138.8911537557533,2914.446359699624,2956.3598667283995,6623955
2025-04-08,3140.369384765625,3193.822325127449,3104.464010431693,3149.0478246149446,5557558
2025-04-09,3096.167236328125,3118.4828923346345,3063.2180815269526,3109.4708094407843,2990265
2025-04-11,3081.766845703125,3146.0914699537143,3057.44840084302,3137.1271167444256,7108961
2025-04-15,3097.69287109375,3160.825412160961,3088.537831919463,3160.825412160961,3512160
2025-04-16,3122.10693359375,3126.2077375710383,3079.3827167859167,3097.693028895488,2384391
2025-04-17,3146.0439453125,3150.5263550376844,3068.8925750135395,3095.1183505924305,2932346
2025-04-21,3167.692138671875,3198.5907757535792,3131.929719443861,3137.6517065203434,2432946
2025-04-22,3160.825439453125,3179.421896695883,3142.3244417890623,3168.645674402416,2710498
2025-04-23,3254.857177734375,3262.39103470682,3182.664816343833,3209.081278369813,3543923
2025-04-24,3243.985107421875,3254.379956863419,3230.7290317834236,3243.5082751937634,2252175
2025-04-25,3288.235107421875,3316.65435532197,3247.2275350265327,3261.532502141187,2742991
2025-04-28,3283.943603515625,3297.581052006719,3247.227521408655,3275.837455517982,1593296
2025-04-29,3311.599853515625,3333.05730397037,3271.4504864223404,3294.910725384157,1578332
2025-04-30,3293.6708984375,3347.266794515735,3210.034571873815,3311.123004618504,2809332
2025-05-02,3272.02294921875,3329.7196523454577,3261.532639559349,3311.123194312883,1721761
2025-05-05,3294.2431640625,3342.117073001106,3286.7090751925784,3290.142360352066,1284443
2025-05-06,3299.679443359375,3312.077082886448,3277.745158042246,3299.679443359375,1324763
2025-05-07,3285.469482421875,3299.202157339632,3262.104703449532,3262.104703449532,1477128
2025-05-08,3289.09326171875,3315.89132616591,3269.8292861996833,3288.2350568363695,2543591
2025-05-09,3280.89208984375,3286.518617372084,3240.6474937252347,3241.505698660658,2531757
2025-05-12,3452.646728515625,3462.278832722667,3339.923635561146,3342.5939426230407,2228678
2025-05-13,3352.130859375,3455.126629734175,3347.839368943368,3452.647008797929,3062887
2025-05-14,3384.269287109375,3395.999407449705,3346.0274789718064,3357.8528260686357,2119499
2025-05-15,3414.023193359375,3433.1919414973604,3351.2722602468125,3398.860022082387,3548330
2025-05-16,3396.285400390625,3427.37472311883,3381.789746684424,3427.37472311883,1666727
2025-05-19,3355.754638671875,3385.5089240585153,3341.3542118072583,3385.5089240585153,2537377
2025-05-20,3336.20458984375,3393.1383143193784,3332.103785899918,3368.1523508133114,2038374
2025-05-21,3362.43017578125,3373.111171091834,3336.2044033172906,3345.454901948022,1440153
2025-05-22,3315.89111328125,3335.7273793338804,3291.381984807686,3333.05707245268,2034383
2025-05-23,3351.74951171875,3371.204175356121,3305.0199488920316,3315.8916316020463,1274331
2025-05-26,3373.3974609375,3380.7406309750972,3347.457833268305,3357.8526831208233,967470
2025-05-27,3336.5859375,3375.972327891045,3321.708911006242,3368.3430118958113,2467680
2025-05-28,3335.632080078125,3365.481823748712,3331.149903755809,3356.8988437504863,1222933
2025-05-29,3336.01416015625,3368.820128574258,3324.951557897849,3342.3082066867746,3188072
2025-05-30,3302.921630859375,3344.2153514588645,3293.0990724903722,3328.2892004179307,3404365
2025-06-02,3289.95166015625,3299.678990962806,3260.1973759363364,3290.142346480254,1877585
2025-06-03,3247.418212890625,3312.553542881876,3242.936036438699,3286.3277699067066,2848125
2025-06-04,3252.90234375,3266.2762443041534,3242.415101032151,3260.6957796433117,2544807
2025-06-05,3243.4736328125,3279.9386829080418,3236.353648443686,3279.9386829080418,3584683
2025-06-06,3256.07763671875,3262.5239346599506,3231.5430403786086,3243.473730125776,2070390
2025-06-09,3292.350341796875,3303.992342378787,3262.5239694574043,3271.27954690969,1718678
2025-06-10,3331.7978515625,3353.831020585222,3293.6009022564963,3309.7649174374747,2419874
2025-06-11,3340.457275390625,3356.909980604606,3318.5206483022603,3338.629301432497,2847013
2025-06-12,3304.1845703125,3343.1512807546196,3293.6010193282204,3340.4572389790806,4060134
2025-06-13,3315.2490234375,3319.867346975648,3264.7366235777054,3264.7366235777054,2178493
2025-06-16,3363.933837890625,3376.152982383372,3296.4876555687347,3309.765249187461,1934088
2025-06-17,3382.214111328125,3386.736126790608,3356.043924600645,3377.1147173394984,2111940
2025-06-18,3320.733154296875,3404.054653859175,3312.7475723939338,3385.8702840087717,2696327
2025-06-19,3294.370849609375,3320.3486571267385,3283.787298398597,3319.386516107577,2672768
2025-06-20,3305.627685546875,3315.826473793808,3281.7665424976394,3295.332824141505,2351248
2025-06-23,3265.12158203125,3295.3327135334735,3242.414961929286,3285.7113041508937,3123421
2025-06-24,3262.042724609375,3311.785601803136,3253.9608342374113,3304.569544364703,3403048
2025-06-25,3314.38330078125,3319.3863869066126,3271.2793378210094,3278.3030139670477,1757699
2025-06-26,3311.496826171875,3320.7332385135887,3286.000090554292,3314.3832490719788,2879106
2025-06-27,3310.82373046875,3335.1657116254887,3301.106011701098,3324.197397384813,1778433
2025-06-30,3330.93212890625,3333.7222438362,3300.143617027278,3309.6687189307536,1468351
2025-07-01,3299.854736328125,3353.06117731207,3284.268100073099,3324.1969490999145,2375183
2025-07-02,3293.697265625,3357.7757139896216,3290.5221534097136,3355.1779803217332,3090585
2025-07-03,3272.04931640625,3305.243182495177,3268.9705120384147,3300.1437879715377,2531870
2025-07-04,3290.329833984375,3297.257202194738,3261.7542933055606,3278.9765232213795,1109320
2025-07-07,3282.536376953125,3296.3913481829886,3279.361264698508,3288.8866014623586,1639174
2025-07-08,3277.24462890625,3295.3329266950955,3264.929177120374,3276.090106685197,2325242
2025-07-09,3255.692626953125,3284.749236961352,3239.528611847941,3280.9006731219124,2034938
2025-07-10,3253.960693359375,3270.317089511684,3228.945028655843,3252.036411459103,3035012
2025-07-11,3142.3525390625,3208.7402687610033,3137.638142071979,3174.9690253465947,7635550
2025-07-14,3100.69189453125,3148.125494964879,3078.8513398189525,3142.3526487027184,3924009
2025-07-15,3129.171142578125,3136.002202567695,3084.623968418985,3084.623968418985,2590889
2025-07-16,3121.2548828125,3132.6464874286985,3109.187305299685,3115.365810708297,2540733
2025-07-17,3098.181640625,3129.8470122556437,3093.2582102459683,3112.5663349360093,2947640
2025-07-18,3079.549072265625,3117.103513998714,3076.749488627971,3113.434923384125,3432645
2025-07-21,3048.94580078125,3086.982946316993,3042.960329505588,3079.645764950135,3844346
2025-07-22,3050.29736328125,3070.088189339792,3045.4703325352643,3050.29736328125,3198036
2025-07-23,3069.123046875,3071.9226306702544,3048.366812883985,3050.2976253482652,1922875
2025-07-24,3039.0986328125,3063.909524321329,3031.37538342797,3055.6071726498794,2934778
2025-07-25,3027.32080078125,3047.6907301283586,3017.47370470728,3031.375459671135,2568917
2025-07-28,2972.775634765625,3010.136811034937,2963.7006742262606,3002.413560717978,3374473
2025-07-29,2950.28125,2967.658561027487,2935.99319157176,2954.1428746727747,4785312
2025-07-30,2947.964599609375,2962.8317614822286,2941.785858233668,2954.1431052901985,2880121
2025-07-31,2931.74560546875,2953.9499481457733,2910.6997030967705,2936.47600158721,2968371
2025-08-01,2899.114990234375,2931.745768865168,2896.218771462912,2925.084324273871,2053847
2025-08-04,2968.044677734375,2972.8717086542492,2888.1092342571515,2905.0038424767117,2519252
2025-08-05,2957.907958984375,2971.0375775693733,2936.7656575031788,2968.044724074376,1927996
2025-08-06,2927.4013671875,2960.707882222844,2921.3192607812002,2957.0392913988153,1487081
2025-08-07,2941.5927734375,2946.0337363593026,2906.741514367591,2911.665180402855,2543076
2025-08-08,2931.359130859375,2953.94977611907,2920.353595060068,2942.6545713366527,2762140
2025-08-11,2935.607177734375,2944.3922326106717,2916.78175710605,2931.3592490987544,1884215
2025-08-12,2930.393798828125,2989.2835752923374,2922.187846369997,2935.8001676667204,3358232
2025-08-13,2931.166259765625,2939.0825434733065,2923.8293140563796,2931.0698605624675,2148166
2025-08-14,2917.7470703125,2950.1845757137776,2914.6578177545016,2929.0422751905776,3342174
2025-08-18,2907.031005859375,2943.523406147703,2899.500790610218,2941.109890727772,2945609
2025-08-19,2911.85791015625,2920.3535312041786,2906.9344803304716,2907.0308795261603,2650784
2025-08-20,2991.40771484375,2996.0414760002127,2906.741403418293,2906.741403418293,4952358
2025-08-21,2995.26953125,3021.721568272579,2976.444109339037,3021.721568272579,3230726
2025-08-22,2948.3505859375,2988.6079780367672,2944.4889610705222,2979.2435848733217,1593791
2025-08-25,3031.955078125,3042.960615514831,2970.6517789228456,2980.4988759076773,3448370
2025-08-26,3047.98046875,3052.6144657420946,3012.067404527304,3020.756060501902,5522097
2025-08-28,2986.67724609375,3037.6507428505593,2979.7263682848406,3036.2026334864163,3116051
2025-08-29,2977.988525390625,3007.2403810515466,2970.747978726777,2986.001444170926,2271789
2025-09-01,3004.92333984375,3022.7833539936464,2983.105066117822,2983.105066117822,1246862
2025-09-02,3003.861572265625,3045.856744495596,2995.752253975034,3013.1295666219185,2185229
2025-09-03,2990.345703125,3033.2096441073413,2981.1743442292172,3021.6247697126682,1799774
2025-09-04,2988.60791015625,3010.136515439645,2983.877514079595,3008.205703050011,1481391
2025-09-05,2942.847900390625,2996.041643012066,2923.8294445249576,2989.959772231462,2802055
2025-09-08,2914.561279296875,2958.8733290135365,2911.6650607351357,2944.4888711015133,2626187
2025-09-09,2943.90966796875,2954.1430683002914,2925.953253480324,2927.2083287202117,2489301
2025-09-10,3002.413330078125,3014.6739418754814,2947.7712440051832,2950.667462651561,2079428
2025-09-11,3016.1220703125,3030.4101295308183,3002.5099840051885,3030.4101295308183,2263446
2025-09-12,3025.003662109375,3039.774423958481,3013.0327196287853,3035.237062003493,1447167
2025-09-15,3004.24755859375,3025.583130595429,2988.8976937854013,3025.583130595429,1732539
2025-09-16,3036.878173828125,3041.0294675418386,3001.5444490507502,3019.790531578054,2573429
2025-09-17,3063.041015625,3072.3087742640014,3033.692524030945,3042.960518364833,2418271
2025-09-18,3066.805908203125,3092.1961390627853,3052.035145819797,3074.8188270106057,2633138
2025-09-19,3059.565185546875,3070.474322402291,3035.2369972120114,3060.337557621526,4901694
2025-09-22,2967.4658203125,2999.4206262220173,2958.970198053499,2987.932385962669,3634901
2025-09-23,2956.4599609375,2974.126942183857,2946.419830367542,2963.79714260431,3177741
2025-09-24,2930.393798828125,2951.2466664114318,2928.0769182943645,2944.4888232106205,1625714
2025-09-25,2855.09228515625,2924.7948033919906,2848.9137795733855,2917.457621779319,4974361
2025-09-26,2798.80908203125,2852.5821577986485,2791.278866873073,2839.2595057026215,3934636
2025-09-29,2795.9130859375,2827.964525737199,2793.8856385700533,2815.1245756980907,3110035
2025-09-30,2788.47900390625,2814.448570520906,2785.293352196243,2810.2972769748603,2253458
2025-10-01,2813.386962890625,2823.620363841534,2767.4337649082727,2790.9895841039,1952902
2025-10-03,2801.51220703125,2822.8477787064007,2791.086008442819,2822.8477787064007,2899519
2025-10-06,2885.01953125,2890.0398315890247,2795.430032599017,2801.6085374387912,2112774
2025-10-07,2870.828369140625,2900.5629272327596,2853.2580234436414,2891.391568334869,3062943
2025-10-08,2922.4775390625,2937.7310038355854,2865.325540382523,2872.083383638142,4121889
2025-10-09,2955.7841796875,2959.9354735767624,2915.5267874109013,2929.042474504859,3211304
2025-10-10,2923.53955078125,2963.7969409179377,2902.8797173331764,2944.4888175243354,8817365
2025-10-13,2903.16943359375,2930.4904757795234,2894.4807779251564,2922.2845232036298,2866865
2025-10-14,2857.89208984375,2922.477671901626,2853.2580928331454,2916.492200456414,3611416
2025-10-15,2877.756591796875,2887.349664986807,2859.539215693528,2878.9193527026337,4282226
2025-10-16,2878.628662109375,2882.7954389661986,2851.8842144350965,2877.8534092983937,3251495
2025-10-17,2870.391845703125,2896.1675207642234,2863.8025522629873,2877.950145926403,4374683
2025-10-20,2921.749267578125,2929.307567962745,2886.186765192536,2892.9698128193104,3133039
2025-10-21,2913.512939453125,2937.8351067763124,2903.1446131495227,2937.1568492749448,310644
2025-10-23,2977.951904296875,3001.9833223001874,2942.001890896718,2960.3160263483123,5564758
2025-10-24,2968.26171875,2994.231149497321,2963.513679841537,2984.541081052346,2684318
2025-10-27,2989.2890625,2998.300873295387,2965.3546412157716,2971.4594315335457,1946312
2025-10-28,2963.1259765625,2994.424945391891,2945.974602490029,2980.6650953225503,3470737
2025-10-29,2962.83544921875,2980.665080689528,2951.691870406029,2963.125962015583,2895420
2025-10-30,2941.226318359375,2968.8430115115416,2938.8038014162025,2954.598659200471,2241536
2025-10-31,2963.222900390625,2972.3314700068563,2931.342670159881,2940.9357431934422,1868085
2025-11-03,2923.2998046875,2963.2228381217715,2916.710511035491,2952.4667678534975,2194877
2025-11-04,2897.5244140625,2935.412678861251,2883.764563259587,2926.0133591519766,2670720
2025-11-06,2917.582763671875,2930.276848617888,2897.330614208824,2897.4276095278424,2542721
2025-11-07,2899.074951171875,2910.896788283535,2868.7449872547954,2907.989767522932,1830520
2025-11-10,2931.439453125,2953.4358611387806,2899.2684732632038,2900.237480105872,1556656
2025-11-11,2952.56396484375,2960.9942773891976,2924.462765309628,2950.6259510827763,2806868
2025-11-12,3034.735595703125,3039.192885115363,2962.3508338140637,2965.1608589527805,4460315
2025-11-13,3009.444580078125,3034.8325126833847,3005.859301984357,3034.7357539410323,1740435
2025-11-14,3009.7353515625,3016.6153949995773,2981.924901585002,2994.2312415737683,2210794
2025-11-17,3006.052978515625,3026.6928715689805,2990.93661372188,3009.7352518307202,2232853
2025-11-18,2991.421142578125,3008.7662705711664,2982.6030856096777,3005.8592500198897,2548350
2025-11-19,3050.142822265625,3057.216619603584,2987.932629650603,3001.0142221592077,3151053
2025-11-20,3047.3330078125,3066.422396812198,3040.8407087665255,3050.433782640164,2700767
2025-11-21,3052.952880859375,3071.7515179167412,3038.0300343800313,3047.3325941742696,4177037
2025-11-24,3043.84423828125,3080.375748831919,3033.960415828725,3060.1236005069036,6703764
2025-11-25,3022.526123046875,3052.1778273241375,3018.4563415864895,3047.817296493595,2737920
2025-11-26,3064.87158203125,3079.503679669953,3020.394263540353,3022.1385231343734,2508527
2025-11-27,3039.386962890625,3081.4417653096157,3028.1463888655812,3081.4417653096157,2836233
2025-11-28,3040.2587890625,3049.7551028737985,3028.146204245518,3042.6813060258964,1616690
2025-12-01,3036.285888671875,3056.2475238822894,3025.433059554359,3040.646419381282,1747647
2025-12-02,3038.5146484375,3046.557452385492,3023.688796726563,3033.96036368288,2512003
2025-12-03,3081.441650390625,3112.3528729457903,3041.7123712503685,3042.6813780586676,3952112
2025-12-04,3129.11669921875,3149.27208789607,3088.6121678196405,3095.00770730463,5025905
2025-12-05,3137.837890625,3170.2028609083113,3122.527535293584,3129.892081880524,5244013
2025-12-08,3136.190673828125,3158.8653395160463,3109.1554773099156,3142.489218360763,2544725
2025-12-09,3108.86474609375,3133.4774256277456,3082.604565643986,3129.8921475722495,2734893
2025-12-10,3090.356689453125,3125.0471830165943,3079.6008550466445,3125.0471830165943,1386849
2025-12-11,3092.972900390625,3108.9615135733166,3055.3756234989633,3105.6669848803986,1914362
2025-12-12,3120.6865234375,3123.1090405337873,3086.9650381423917,3098.5931202045713,1146554
2025-12-15,3130.0859375,3137.8379924435076,3098.2057061744017,3111.578048266741,1562190
2025-12-16,3105.763916015625,3120.202023295087,3092.197820262168,3120.202023295087,1734623
2025-12-17,3118.0703125,3136.5782015286727,3101.306446555184,3101.306446555184,1376350
2025-12-18,3179.117919921875,3185.9009682967376,3121.171259347543,3127.9543077224057,2307422
2025-12-19,3180.280517578125,3215.067769256,3177.179742937931,3196.753634213965,3902511
2025-12-22,3221.850830078125,3225.436344736965,3189.0015919916527,3207.4127224224762,2632816
2025-12-23,3207.41259765625,3217.005670614833,3191.423985009323,3217.005670614833,2365420
2025-12-24,3216.1337890625,3223.98283930865,3193.943626455098,3201.695681385047,1367708
2025-12-26,3178.342529296875,3217.102804044398,3170.3967202884214,3210.4167512800273,1176664
2025-12-29,3150.7255859375,3186.094333865139,3142.392032892103,3178.342279524835,2079473
2025-12-30,3146.17138671875,3166.229780553915,3139.097589626445,3149.2721612242462,2807593
